/* CREATION DE LA BASE DE DONNEES */

drop database if exists dzFoot;
create database dzFoot;
alter database dzFoot charset=utf8;
use DZFoot;

Create table Wilaya 
	(
		Code smallint primary key check(code>0 AND code<=48),
		Designation varchar(30) unique
	);

Create table Equipe 
	(
		Sigle varchar(8) primary key,
		NomEqp varchar(50) unique,
		Couleurs varchar(30),
		Wilaya smallint not null references Wilaya (Code)
	);

Create table Joueur 
	(
		Numero smallint check(numero>0 AND numero<101),
		Nom varchar(50),
		Equipe varchar(8) not null references Equipe (Sigle),
		primary key (Numero,Equipe)
	);

Create table Stade 
	(
		ID int primary key,
		NomStade varchar(50),
		Wilaya smallint not null,
		foreign key (Wilaya) references Wilaya (Code) 
	);

Create table Rencontre 
	(
		NumeroRencontre int primary key,
		EquipeA varchar(8) not null references Equipe (Sigle),
		ButsEquipeA smallint check (ButsEquipeA >= 0),
		ButsEquipeB smallint check (ButsEquipeB >= 0),
		EquipeB varchar(8) not null references Equipe (Sigle),
		Stade int not null references Stade (ID),
		DateRencontre DATETIME not null
	);

Create table Marquer 
	(
		Rencontre int references Rencontre (NumeroRencontre),
		Equipe varchar(8) references Joueur(Equipe),
		NumeroJoueur int references Joueur (Numero),
		MinuteBut int check (MinuteBut >= 0),
		primary key (Rencontre,Equipe,NumeroJoueur,MinuteBut)
	);
delimiter ; 


/* INSERTION DANS LA BASE DE DONNEES */


/* WILAYA */

Insert into Wilaya (Code,Designation) values (1,'Adrar');
Insert into Wilaya (Code,Designation) values (2,'Chlef');
Insert into Wilaya (Code,Designation) values (3,'Laghouat');
Insert into Wilaya (Code,Designation) values (4,'Oum El Bouaghi');
Insert into Wilaya (Code,Designation) values (5,'Batna');
Insert into Wilaya (Code,Designation) values (6,'Bejaïa');
Insert into Wilaya (Code,Designation) values (7,'Biskra');
Insert into Wilaya (Code,Designation) values (8,'Bechar');
Insert into Wilaya (Code,Designation) values (9,'Blida');
Insert into Wilaya (Code,Designation) values (10,'Bouira');
Insert into Wilaya (Code,Designation) values (11,'Tamanrasset');
Insert into Wilaya (Code,Designation) values (12,'Tebessa');
Insert into Wilaya (Code,Designation) values (13,'Tlemcen');
Insert into Wilaya (Code,Designation) values (14,'Tiaret');
Insert into Wilaya (Code,Designation) values (15,'Tizi Ouzou');
Insert into Wilaya (Code,Designation) values (16,'Alger');
Insert into Wilaya (Code,Designation) values (17,'Djelfa');
Insert into Wilaya (Code,Designation) values (18,'Jijel');
Insert into Wilaya (Code,Designation) values (19,'Setif');
Insert into Wilaya (Code,Designation) values (20,'Saida');
Insert into Wilaya (Code,Designation) values (21,'Skikda');
Insert into Wilaya (Code,Designation) values (22,'Sidi Bel Abbes');
Insert into Wilaya (Code,Designation) values (23,'Annaba');
Insert into Wilaya (Code,Designation) values (24,'Guelma');
Insert into Wilaya (Code,Designation) values (25,'Constantine');
Insert into Wilaya (Code,Designation) values (26,'Medea');
Insert into Wilaya (Code,Designation) values (27,'Mostaganem');
Insert into Wilaya (Code,Designation) values (28,'M''Sila');
Insert into Wilaya (Code,Designation) values (29,'Mascara');
Insert into Wilaya (Code,Designation) values (30,'Ouargla');
Insert into Wilaya (Code,Designation) values (31,'Oran');
Insert into Wilaya (Code,Designation) values (32,'El Bayadh');
Insert into Wilaya (Code,Designation) values (33,'Illizi');
Insert into Wilaya (Code,Designation) values (34,'Bordj Bou Arreridj');
Insert into Wilaya (Code,Designation) values (35,'Boumerdès');
Insert into Wilaya (Code,Designation) values (36,'Tarf');
Insert into Wilaya (Code,Designation) values (37,'Tindouf');
Insert into Wilaya (Code,Designation) values (38,'Tissemsilt');
Insert into Wilaya (Code,Designation) values (39,'El Oued');
Insert into Wilaya (Code,Designation) values (40,'Khenchela');
Insert into Wilaya (Code,Designation) values (41,'Souk Ahras');
Insert into Wilaya (Code,Designation) values (42,'Tipaza');
Insert into Wilaya (Code,Designation) values (43,'Mila');
Insert into Wilaya (Code,Designation) values (44,'Ain Defla');
Insert into Wilaya (Code,Designation) values (45,'Naama');
Insert into Wilaya (Code,Designation) values (46,'Ain Témouchent');
Insert into Wilaya (Code,Designation) values (47,'Ghardaia');
Insert into Wilaya (Code,Designation) values (48,'Relizane');

/* EQUIPE */

Insert into Equipe (Sigle,NomEqp,Couleurs,Wilaya) values ('ESS','Entente sportive de Setif','NoirBlanc',19);
Insert into Equipe (Sigle,NomEqp,Couleurs,Wilaya) values ('MOB','Mouloudia olympique Bejaïa','VertNoir',6);
Insert into Equipe (Sigle,NomEqp,Couleurs,Wilaya) values ('CRB','Chabab Riadhi de Belouizdad','RougeBlanc',16);
Insert into Equipe (Sigle,NomEqp,Couleurs,Wilaya) values ('ASMO','Association sportive madinet d''Oran','BlancVert',31);
Insert into Equipe (Sigle,NomEqp,Couleurs,Wilaya) values ('MCO','Mouloudia Club d Oran ','BlancRouge',31);
Insert into Equipe (Sigle,NomEqp,Couleurs,Wilaya) values ('USMH','Union Sportive Madinet El Harrach','JauneNoir',16);
Insert into Equipe (Sigle,NomEqp,Couleurs,Wilaya) values ('MCA','Mouloudia club d''Alger','VertRouge',16);
Insert into Equipe (Sigle,NomEqp,Couleurs,Wilaya) values ('JSK','Jeunesse sportive de Kabylie','JauneVert',15);
Insert into Equipe (Sigle,NomEqp,Couleurs,Wilaya) values ('CSC','Club sportif constantinois','VertNoir',25);
Insert into Equipe (Sigle,NomEqp,Couleurs,Wilaya) values ('JSS','Jeunesse sportive de la Saoura','VertJaune',8);
Insert into Equipe (Sigle,NomEqp,Couleurs,Wilaya) values ('USMA','Union sportive de la medina d''Alger','RougeNoir',16);
Insert into Equipe (Sigle,NomEqp,Couleurs,Wilaya) values ('NAHD','Nasr athletique d''Hussein Dey','RougeJaune',16);
Insert into Equipe (Sigle,NomEqp,Couleurs,Wilaya) values ('RCA','Riadha club Arbeen','BleuBlanc',9);
Insert into Equipe (Sigle,NomEqp,Couleurs,Wilaya) values ('ASOC','Association Sportive Olympique de Chlef','RougeBlanc',2);
Insert into Equipe (Sigle,NomEqp,Couleurs,Wilaya) values ('MCEE','Mouloudia Chabab El Eulma','RougeVert',19);
Insert into Equipe (Sigle,NomEqp,Couleurs,Wilaya) values ('USMBA','Union sportive medinat Bel-Abbès','VertRouge',22);

/* STADES */

Insert into stade (ID, NomStade, Wilaya) values (1,'HABIB BOUAKEUL','31');
Insert into stade (ID, NomStade, Wilaya) values (2,'MOHAMED BOUMEZRAG','2'); 
Insert into stade (ID, NomStade, Wilaya) values (3,'20 AOUT 1955' ,'16'); 
Insert into stade (ID, NomStade, Wilaya) values (4,'8 MAI 1945','19');
Insert into stade (ID, NomStade, Wilaya) values (5,'MOHAMED HAMLAOUI','25'); 
Insert into stade (ID, NomStade, Wilaya) values (6,'1er NOVEMBRE 1954','15'); 
Insert into stade (ID, NomStade, Wilaya) values (7,'20 AOUT 1955' ,'20');
Insert into stade (ID, NomStade, Wilaya) values (8,'OMAR HAMADI','16');
Insert into stade (ID, NomStade, Wilaya) values (9,'MESSAOUD ZOUGAR','19'); 
Insert into stade (ID, NomStade, Wilaya) values (10,'AHMED ZABANA','31'); 
Insert into stade (ID, NomStade, Wilaya) values (11,'UNITE MAGHREBINE','6'); 
Insert into stade (ID, NomStade, Wilaya) values (12,'ISMAIL MAKHLOUF','9'); 
Insert into stade (ID, NomStade, Wilaya) values (13,'24 FEVRIER 1956','22'); 
Insert into stade (ID, NomStade, Wilaya) values (14,'1er NOVEMBRE 1954','16');
Insert into stade (ID, NomStade, Wilaya) values (15,'REGHAIA','16');
Insert into stade (ID, NomStade, Wilaya) values (16,'Chahid-Hamlaoui','25');

/*Joueurs ESS*/

Insert into joueur (Equipe,Numero,Nom) values ('ESS',1,'KHEDAIRIA'); 
Insert into joueur (Equipe,Numero,Nom) values ('ESS',2,'AOULMI'); 
Insert into joueur (Equipe,Numero,Nom) values ('ESS',4,'ARROUSSI'); 
Insert into joueur (Equipe,Numero,Nom) values ('ESS',5,'YOUNES'); 
Insert into joueur (Equipe,Numero,Nom) values ('ESS',6,'LAGRAA'); 
Insert into joueur (Equipe,Numero,Nom) values ('ESS',8,'GASMI');  
Insert into joueur (Equipe,Numero,Nom) values ('ESS',9,'ZIAYA'); 
Insert into joueur (Equipe,Numero,Nom) values ('ESS',10,'DJAHNIT');  
Insert into joueur (Equipe,Numero,Nom) values ('ESS',11,'BENYETTOU');
Insert into joueur (Equipe,Numero,Nom) values ('ESS',12,'MELLOULI');  
Insert into joueur (Equipe,Numero,Nom) values ('ESS',13,'LAMRI');  
Insert into joueur (Equipe,Numero,Nom) values ('ESS',14,'DELHOUM'); 
Insert into joueur (Equipe,Numero,Nom) values ('ESS',15,'DEMMOU');
Insert into joueur (Equipe,Numero,Nom) values ('ESS',16,'RAIT');  
Insert into joueur (Equipe,Numero,Nom) values ('ESS',17,'ZE ONDO'); 
Insert into joueur (Equipe,Numero,Nom) values ('ESS',18,'BOUKRIA'); 
Insert into joueur (Equipe,Numero,Nom) values ('ESS',19,'DAGOULOU'); 
Insert into joueur (Equipe,Numero,Nom) values ('ESS',21,'BAOUZ');  
Insert into joueur (Equipe,Numero,Nom) values ('ESS',22,'BELHANI'); 
Insert into joueur (Equipe,Numero,Nom) values ('ESS',23,'NEMDIL'); 
Insert into joueur (Equipe,Numero,Nom) values ('ESS',24,'MEGATELI'); 
Insert into joueur (Equipe,Numero,Nom) values ('ESS',26,'LAGRAA'); 
Insert into joueur (Equipe,Numero,Nom) values ('ESS',27,'ZERARA'); 
Insert into joueur (Equipe,Numero,Nom) values ('ESS',33,'BOUCHAR'); 
Insert into joueur (Equipe,Numero,Nom) values ('ESS',34,'DAHAR'); 
Insert into joueur (Equipe,Numero,Nom) values ('ESS',40,'SAADOUNE'); 
Insert into joueur (Equipe,Numero,Nom) values ('ESS',57,'BELAMEIRI'); 
Insert into joueur (Equipe,Numero,Nom) values ('ESS',91,'KOURIBA');
 
/* Joueurs CSC */

Insert into joueur (Equipe,Numero,Nom) values ('CSC',1,'DAHMANE'); 
Insert into joueur (Equipe,Numero,Nom) values ('CSC',31,'GHOUL'); 
Insert into joueur (Equipe,Numero,Nom) values ('CSC',71,'CEDRIC');
Insert into joueur (Equipe,Numero,Nom) values ('CSC',4,'BERTHE');  
Insert into joueur (Equipe,Numero,Nom) values ('CSC',7,'BAHRI'); 
Insert into joueur (Equipe,Numero,Nom) values ('CSC',17,'BENCHERIFA'); 
Insert into joueur (Equipe,Numero,Nom) values ('CSC',2,'ROUABAH');
Insert into joueur (Equipe,Numero,Nom) values ('CSC',26,'BOUBA'); 
Insert into joueur (Equipe,Numero,Nom) values ('CSC',28,'BELAKHDAR'); 
Insert into joueur (Equipe,Numero,Nom) values ('CSC',29,'BOUHENNA'); 
Insert into joueur (Equipe,Numero,Nom) values ('CSC',30,'DJEGHBALA'); 
Insert into joueur (Equipe,Numero,Nom) values ('CSC',88,'REMACHE'); 
Insert into joueur (Equipe,Numero,Nom) values ('CSC',9,'BOUCHERIT'); 
Insert into joueur (Equipe,Numero,Nom) values ('CSC',15,'DJELILAHINE'); 
Insert into joueur (Equipe,Numero,Nom) values ('CSC',3,'GUERABIS'); 
Insert into joueur (Equipe,Numero,Nom) values ('CSC',8,'RANI');
Insert into joueur (Equipe,Numero,Nom) values ('CSC',10,'HADJI');
Insert into joueur (Equipe,Numero,Nom) values ('CSC',13,'SAMEUR');
Insert into joueur (Equipe,Numero,Nom) values ('CSC',16,'ANANE');
Insert into joueur (Equipe,Numero,Nom) values ('CSC',20,'ALLAG');
Insert into joueur (Equipe,Numero,Nom) values ('CSC',21,'M''BAYE');
Insert into joueur (Equipe,Numero,Nom) values ('CSC',5,'LAOUAFI');
Insert into joueur (Equipe,Numero,Nom) values ('CSC',11,'VOAVY'); 
Insert into joueur (Equipe,Numero,Nom) values ('CSC',14,'BOULEMADAIS'); 
Insert into joueur (Equipe,Numero,Nom) values ('CSC',39,'ZOBIRI'); 
Insert into joueur (Equipe,Numero,Nom) values ('CSC',99,'MESSADIA'); 
Insert into joueur (Equipe,Numero,Nom) values ('CSC',12,'BELFODIL');
Insert into joueur (Equipe,Numero,Nom) values ('CSC',18,'GUETTOUT');
Insert into joueur (Equipe,Numero,Nom) values ('CSC',6,'MOULAYE AHMED');

/*Joueurs USMH*/

Insert into joueur (Equipe,Numero,Nom) values ('USMH',1,'Abidi Mohamed Lamine');
Insert into joueur (Equipe,Numero,Nom) values ('USMH',2,'AIT OUAMAR Hamza');
Insert into joueur (Equipe,Numero,Nom) values ('USMH',3,'AMADA Ibrahim');
Insert into joueur (Equipe,Numero,Nom) values ('USMH',4,'BELABES Aiyoub');
Insert into joueur (Equipe,Numero,Nom) values ('USMH',5,'BELKHIR Samir');
Insert into joueur (Equipe,Numero,Nom) values ('USMH',6,'BENACHOUR Ibrahim Abdallah');
Insert into joueur (Equipe,Numero,Nom) values ('USMH',7,'BENALDJIA Mohamed Bilel');
Insert into joueur (Equipe,Numero,Nom) values ('USMH',8,'BOULAKHOUA Zinelaabidine');
Insert into joueur (Equipe,Numero,Nom) values ('USMH',9,'BOUMECHRA	Salim');
Insert into joueur (Equipe,Numero,Nom) values ('USMH',10,'FRIOUI Samy');
Insert into joueur (Equipe,Numero,Nom) values ('USMH',11,'GHERBI Messaoud');
Insert into joueur (Equipe,Numero,Nom) values ('USMH',12,'Frioui Sami');
Insert into joueur (Equipe,Numero,Nom) values ('USMH',13,'HARRAG Chemsseddine');
Insert into joueur (Equipe,Numero,Nom) values ('USMH',14,'KARA HACINE	Mohamed Seghir');
Insert into joueur (Equipe,Numero,Nom) values ('USMH',15,'KENICHE Ryad Kamar Eddine');
Insert into joueur (Equipe,Numero,Nom) values ('USMH',16,'LARIBI Hocine');
Insert into joueur (Equipe,Numero,Nom) values ('USMH',17,'LIMANE Houssam');
Insert into joueur (Equipe,Numero,Nom) values ('USMH',18,'MAZARI Chakib Arslan');
Insert into joueur (Equipe,Numero,Nom) values ('USMH',19,'MEBARKI	Bilal');
Insert into joueur (Equipe,Numero,Nom) values ('USMH',20,'MEDANE Yacine');
Insert into joueur (Equipe,Numero,Nom) values ('USMH',21,'TIAIBA Mohamed');
Insert into joueur (Equipe,Numero,Nom) values ('USMH',22,'ZIANE CHERIF Ilies');
Insert into joueur (Equipe,Numero,Nom) values ('USMH',23,'BOUGUECHE');

/*Joueurs USMBA*/

Insert into joueur (Equipe,Numero,Nom) values ('USMBA',1,'ABBACI Ahmed');
Insert into joueur (Equipe,Numero,Nom) values ('USMBA',2,'ABDAT Fayçal');
Insert into joueur (Equipe,Numero,Nom) values ('USMBA',3,'ACHIOU Hocine');
Insert into joueur (Equipe,Numero,Nom) values ('USMBA',4,'ARGOUB Abdennour');
Insert into joueur (Equipe,Numero,Nom) values ('USMBA',5,'BAMBA Bassirou');
Insert into joueur (Equipe,Numero,Nom) values ('USMBA',6,'BENGORINE Sofiane');
Insert into joueur (Equipe,Numero,Nom) values ('USMBA',7,'BENHOCINE Zakaria');
Insert into joueur (Equipe,Numero,Nom) values ('USMBA',8,'BENNAI Mohamed Noueddine');
Insert into joueur (Equipe,Numero,Nom) values ('USMBA',9,'BOUGUECHE Hadj');
Insert into joueur (Equipe,Numero,Nom) values ('USMBA',10,'BOUNOUA Abdessamad');
Insert into joueur (Equipe,Numero,Nom) values ('USMBA',11,'CHERIFI Redouane');
Insert into joueur (Equipe,Numero,Nom) values ('USMBA',12,'CHOUBANI Sofiane');
Insert into joueur (Equipe,Numero,Nom) values ('USMBA',13,'CHOUIH	Ahmed Walid');
Insert into joueur (Equipe,Numero,Nom) values ('USMBA',14,'DOMRANE	Jugurtha');
Insert into joueur (Equipe,Numero,Nom) values ('USMBA',15,'GHARRICH Riad');
Insert into joueur (Equipe,Numero,Nom) values ('USMBA',16,'GHEZZALI Youcef');
Insert into joueur (Equipe,Numero,Nom) values ('USMBA',17,'KHALI Zakaria');
Insert into joueur (Equipe,Numero,Nom) values ('USMBA',18,'MATIJAS	Jonathan Christopher');
Insert into joueur (Equipe,Numero,Nom) values ('USMBA',19,'NIATI Belqassim');
Insert into joueur (Equipe,Numero,Nom) values ('USMBA',20,'OGBI BENHADOUCHE	Hassen');
Insert into joueur (Equipe,Numero,Nom) values ('USMBA',21,'TCHAMI NGANGOUE	Herve Christian');
Insert into joueur (Equipe,Numero,Nom) values ('USMBA',22,'TCHIKOU	Mohamed Abdelaziz');
Insert into joueur (Equipe,Numero,Nom) values ('USMBA',23,'TIGANA	Moussa');
Insert into joueur (Equipe,Numero,Nom) values ('USMBA',24,'YAGHNI	Mohamed');
Insert into joueur (Equipe,Numero,Nom) values ('USMBA',25,'Mayele');

/* Joueurs NAHD */

Insert into joueur (Equipe,Numero,Nom) values ('NAHD',1,'NATECHE Abderaouf');
Insert into joueur (Equipe,Numero,Nom) values ('NAHD',2,'BULUS Jimmy');
Insert into joueur (Equipe,Numero,Nom) values ('NAHD',3,'MERBAH Abdelmalek');
Insert into joueur (Equipe,Numero,Nom) values ('NAHD',4,'KHEDIS Sid Ahmed');
Insert into joueur (Equipe,Numero,Nom) values ('NAHD',5,'BOUSSAID Rafik');
Insert into joueur (Equipe,Numero,Nom) values ('NAHD',6,'MADI Aymen');
Insert into joueur (Equipe,Numero,Nom) values ('NAHD',7,'HARROUCHE Hocine');
Insert into joueur (Equipe,Numero,Nom) values ('NAHD',8,'HAFID Rabah');
Insert into joueur (Equipe,Numero,Nom) values ('NAHD',9,'OGBI BENHADOUCH Hassene');
Insert into joueur (Equipe,Numero,Nom) values ('NAHD',10,'ALLAG Fouad');
Insert into joueur (Equipe,Numero,Nom) values ('NAHD',11,'DERRARDJA Walid');
Insert into joueur (Equipe,Numero,Nom) values ('NAHD',12,'ABBES Sofiane');
Insert into joueur (Equipe,Numero,Nom) values ('NAHD',13,'MELLOULI Imed Eddine');
Insert into joueur (Equipe,Numero,Nom) values ('NAHD',14,'KHITER Samir');
Insert into joueur (Equipe,Numero,Nom) values ('NAHD',15,'BENLAMRI Djamel');
Insert into joueur (Equipe,Numero,Nom) values ('NAHD',16,'SAIBI Youcef');
Insert into joueur (Equipe,Numero,Nom) values ('NAHD',17,'OUSSALAH Nassim');
Insert into joueur (Equipe,Numero,Nom) values ('NAHD',18,'SOUAKIR Hichem');
Insert into joueur (Equipe,Numero,Nom) values ('NAHD',19,'GHOUL Nadjib');
Insert into joueur (Equipe,Numero,Nom) values ('NAHD',20,'BELHANI Abderaouf');
Insert into joueur (Equipe,Numero,Nom) values ('NAHD',21,'BENSAID Adlene');
Insert into joueur (Equipe,Numero,Nom) values ('NAHD',22,'AHMED BENYAHIA Zakaria');
Insert into joueur (Equipe,Numero,Nom) values ('NAHD',23,'Benyahya');
Insert into joueur (Equipe,Numero,Nom) values ('NAHD',24,'OUZNADJI');
Insert into joueur (Equipe,Numero,Nom) values ('NAHD',25,'Salim Boukhenouche');
Insert into joueur (Equipe,Numero,Nom) values ('NAHD',26,'Benayad');
Insert into joueur (Equipe,Numero,Nom) values ('NAHD',27,'metref');
Insert into joueur (Equipe,Numero,Nom) values ('NAHD',28,'ouhadda');
Insert into joueur (Equipe,Numero,Nom) values ('NAHD',29,'Ezzequiel');
Insert into joueur (Equipe,Numero,Nom) values ('NAHD',30,'KHELLAF Oussama');
Insert into joueur (Equipe,Numero,Nom) values ('NAHD',31,'Bendebka');
Insert into joueur (Equipe,Numero,Nom) values ('NAHD',32,'DEGOUE');

/* Joueurs RCA */
Insert into joueur (Equipe,Numero,Nom) values ('RCA',1,'Mohamed Fellah');
Insert into joueur (Equipe,Numero,Nom) values ('RCA',2,'Sid Ahmed Rafik Mazouzi');
Insert into joueur (Equipe,Numero,Nom) values ('RCA',3,'Mohamed Alaouchiche');
Insert into joueur (Equipe,Numero,Nom) values ('RCA',4,'Zineddine Bensalem');
Insert into joueur (Equipe,Numero,Nom) values ('RCA',5,'Hussein Boukatouh');
Insert into joueur (Equipe,Numero,Nom) values ('RCA',6,'Saber Chebana');
Insert into joueur (Equipe,Numero,Nom) values ('RCA',7,'Ahmed Cheheima');
Insert into joueur (Equipe,Numero,Nom) values ('RCA',8,'Houari Ferhani');
Insert into joueur (Equipe,Numero,Nom) values ('RCA',9,'Nasreddine Zaâlani');
Insert into joueur (Equipe,Numero,Nom) values ('RCA',10,'Hamza Zeddam');
Insert into joueur (Equipe,Numero,Nom) values ('RCA',11,'Mohamed Reda Maarif');
Insert into joueur (Equipe,Numero,Nom) values ('RCA',12,'El Bahi Lazaref');
Insert into joueur (Equipe,Numero,Nom) values ('RCA',13,'Rafik Bouderbal');
Insert into joueur (Equipe,Numero,Nom) values ('RCA',14,'Farid Daoud');
Insert into joueur (Equipe,Numero,Nom) values ('RCA',15,'Bertrand Owoundi');
Insert into joueur (Equipe,Numero,Nom) values ('RCA',16,'Hocine Harrouche');
Insert into joueur (Equipe,Numero,Nom) values ('RCA',17,'Mehdi Kacem');
Insert into joueur (Equipe,Numero,Nom) values ('RCA',18,'Abdelmalek Mokdad');
Insert into joueur (Equipe,Numero,Nom) values ('RCA',19,'Bilal Moumen');
Insert into joueur (Equipe,Numero,Nom) values ('RCA',20,'Mohamed Nassim Yettou');
Insert into joueur (Equipe,Numero,Nom) values ('RCA',21,'Abdellah El Moudene');
Insert into joueur (Equipe,Numero,Nom) values ('RCA',22,'Elyes Seddiki');
Insert into joueur (Equipe,Numero,Nom) values ('RCA',23,'Morgan Betorangal');
Insert into joueur (Equipe,Numero,Nom) values ('RCA',24,'Djamel Bouaïcha');
Insert into joueur (Equipe,Numero,Nom) values ('RCA',25,'Ramzi Bourekba');
Insert into joueur (Equipe,Numero,Nom) values ('RCA',26,'Oussama Darfalou');
Insert into joueur (Equipe,Numero,Nom) values ('RCA',27,'Ghislain Guessan');
Insert into joueur (Equipe,Numero,Nom) values ('RCA',28,'Sofiane Nedjar');
Insert into joueur (Equipe,Numero,Nom) values ('RCA',29,'Semahi');
Insert into joueur (Equipe,Numero,Nom) values ('RCA',30,'Harrouche');

/* Joueurs ASMO */

Insert into joueur (Equipe,Numero,Nom) values ('ASMO',1,'BOUHADDA');
Insert into joueur (Equipe,Numero,Nom) values ('ASMO',2,'KHALLADI');
Insert into joueur (Equipe,Numero,Nom) values ('ASMO',3,'BARKA');
Insert into joueur (Equipe,Numero,Nom) values ('ASMO',4,'BELAID');
Insert into joueur (Equipe,Numero,Nom) values ('ASMO',5,'BENAYADA');
Insert into joueur (Equipe,Numero,Nom) values ('ASMO',6,'BOUAMRIA');
Insert into joueur (Equipe,Numero,Nom) values ('ASMO',7,'CHICOTO');
Insert into joueur (Equipe,Numero,Nom) values ('ASMO',8,'SEBBAH');
Insert into joueur (Equipe,Numero,Nom) values ('ASMO',9,'ZIDANE');
Insert into joueur (Equipe,Numero,Nom) values ('ASMO',10,'AOUAD');
Insert into joueur (Equipe,Numero,Nom) values ('ASMO',11,'BELALEM');
Insert into joueur (Equipe,Numero,Nom) values ('ASMO',12,'BENTIBA');
Insert into joueur (Equipe,Numero,Nom) values ('ASMO',13,'BOUDOUMI');
Insert into joueur (Equipe,Numero,Nom) values ('ASMO',14,'HERBACHE');
Insert into joueur (Equipe,Numero,Nom) values ('ASMO',15,'NAIT SLIMANI');
Insert into joueur (Equipe,Numero,Nom) values ('ASMO',16,'TABTI');
Insert into joueur (Equipe,Numero,Nom) values ('ASMO',17,'ATTI');
Insert into joueur (Equipe,Numero,Nom) values ('ASMO',18,'BALLO');
Insert into joueur (Equipe,Numero,Nom) values ('ASMO',19,'BELMAAZIZ');
Insert into joueur (Equipe,Numero,Nom) values ('ASMO',20,'BENCHAABANE');
Insert into joueur (Equipe,Numero,Nom) values ('ASMO',21,'BENKABLIA');
Insert into joueur (Equipe,Numero,Nom) values ('ASMO',22,'DJEMAOUNI');
Insert into joueur (Equipe,Numero,Nom) values ('ASMO',23,'HAMICHE');
Insert into joueur (Equipe,Numero,Nom) values ('ASMO',24,'NTANKEU');
Insert into joueur (Equipe,Numero,Nom) values ('ASMO',25,'TOUIL');

/* Joueurs ASOC */

Insert into joueur (Equipe,Numero,Nom) values ('ASOC',1,'DAIF');
Insert into joueur (Equipe,Numero,Nom) values ('ASOC',2,'HAMZAOUI');
Insert into joueur (Equipe,Numero,Nom) values ('ASOC',3,'SALHI');
Insert into joueur (Equipe,Numero,Nom) values ('ASOC',4,'BOULAHIA');
Insert into joueur (Equipe,Numero,Nom) values ('ASOC',5,'CHERCHAR');
Insert into joueur (Equipe,Numero,Nom) values ('ASOC',6,'LAKHDARI');
Insert into joueur (Equipe,Numero,Nom) values ('ASOC',7,'NAASSE LARABA');
Insert into joueur (Equipe,Numero,Nom) values ('ASOC',8,'NAAMANI');
Insert into joueur (Equipe,Numero,Nom) values ('ASOC',9,'NANA NAFIOU');
Insert into joueur (Equipe,Numero,Nom) values ('ASOC',10,'SALAH');
Insert into joueur (Equipe,Numero,Nom) values ('ASOC',11,'ZAOUI');
Insert into joueur (Equipe,Numero,Nom) values ('ASOC',12,'ZAZOU');
Insert into joueur (Equipe,Numero,Nom) values ('ASOC',13,'BOUSSAID');
Insert into joueur (Equipe,Numero,Nom) values ('ASOC',14,'MELIANI');
Insert into joueur (Equipe,Numero,Nom) values ('ASOC',15,'MESSAOUD');
Insert into joueur (Equipe,Numero,Nom) values ('ASOC',16,'NAIT YAHIA');
Insert into joueur (Equipe,Numero,Nom) values ('ASOC',17,'OBAJE');
Insert into joueur (Equipe,Numero,Nom) values ('ASOC',18,'SEDKAOUI');
Insert into joueur (Equipe,Numero,Nom) values ('ASOC',19,'TEDJAR');
Insert into joueur (Equipe,Numero,Nom) values ('ASOC',20,'ZAOUCHE');
Insert into joueur (Equipe,Numero,Nom) values ('ASOC',21,'DAHAM');
Insert into joueur (Equipe,Numero,Nom) values ('ASOC',22,'HADDOUCHE');
Insert into joueur (Equipe,Numero,Nom) values ('ASOC',23,'IKECHUKWU');
Insert into joueur (Equipe,Numero,Nom) values ('ASOC',24,'MADOUNI');
Insert into joueur (Equipe,Numero,Nom) values ('ASOC',25,'SEMAHI');
Insert into joueur (Equipe,Numero,Nom) values ('ASOC',26,'Sakombou');

/* Joueurs CRB */

Insert into joueur (Equipe,Numero,Nom) values ('CRB',1,'ABASSI');
Insert into joueur (Equipe,Numero,Nom) values ('CRB',2,'ASSELAH');
Insert into joueur (Equipe,Numero,Nom) values ('CRB',3,'BOUKACEM');
Insert into joueur (Equipe,Numero,Nom) values ('CRB',4,'BENCHERIFA');
Insert into joueur (Equipe,Numero,Nom) values ('CRB',5,'CHEBIRA');
Insert into joueur (Equipe,Numero,Nom) values ('CRB',6,'CHEURFAOUI');
Insert into joueur (Equipe,Numero,Nom) values ('CRB',7,'KHEILILI');
Insert into joueur (Equipe,Numero,Nom) values ('CRB',8,'KHOUDI');
Insert into joueur (Equipe,Numero,Nom) values ('CRB',9,'KOLLI');
Insert into joueur (Equipe,Numero,Nom) values ('CRB',10,'MECHTI');
Insert into joueur (Equipe,Numero,Nom) values ('CRB',11,'NEMDIL');
Insert into joueur (Equipe,Numero,Nom) values ('CRB',12,'AMIRI');
Insert into joueur (Equipe,Numero,Nom) values ('CRB',13,'DJEDIAT');
Insert into joueur (Equipe,Numero,Nom) values ('CRB',14,'LADAOURI');
Insert into joueur (Equipe,Numero,Nom) values ('CRB',15,'NGOMO');
Insert into joueur (Equipe,Numero,Nom) values ('CRB',16,'SIDHOUM');
Insert into joueur (Equipe,Numero,Nom) values ('CRB',17,'TAFAT');
Insert into joueur (Equipe,Numero,Nom) values ('CRB',18,'TARIKAT');
Insert into joueur (Equipe,Numero,Nom) values ('CRB',19,'BALEGH');
Insert into joueur (Equipe,Numero,Nom) values ('CRB',20,'BOUGUEROUA');
Insert into joueur (Equipe,Numero,Nom) values ('CRB',21,'BOUGUERRA');
Insert into joueur (Equipe,Numero,Nom) values ('CRB',22,'DERRAG');
Insert into joueur (Equipe,Numero,Nom) values ('CRB',23,'HIOUNE');
Insert into joueur (Equipe,Numero,Nom) values ('CRB',24,'OBELE MVONDO');
Insert into joueur (Equipe,Numero,Nom) values ('CRB',25,'REBIH');
Insert into joueur (Equipe,Numero,Nom) values ('CRB',26,'SELAMI');
Insert into joueur (Equipe,Numero,Nom) values ('CRB',27,'Draoui');

/* Joueurs JSK */

Insert into joueur (Equipe,Numero,Nom) values ('JSK',1,'BENOUFELLA');
Insert into joueur (Equipe,Numero,Nom) values ('JSK',30,'DOUKHA');
Insert into joueur (Equipe,Numero,Nom) values ('JSK',12,'MAZARI');
Insert into joueur (Equipe,Numero,Nom) values ('JSK',24,'BENAMARA');
Insert into joueur (Equipe,Numero,Nom) values ('JSK',25,'BENLAMRI');
Insert into joueur (Equipe,Numero,Nom) values ('JSK',31,'KEDIDEH');
Insert into joueur (Equipe,Numero,Nom) values ('JSK',2,'KHIAT');
Insert into joueur (Equipe,Numero,Nom) values ('JSK',87,'MEKKAOUI');
Insert into joueur (Equipe,Numero,Nom) values ('JSK',5,'RIAL');
Insert into joueur (Equipe,Numero,Nom) values ('JSK',18,'YESLI');
Insert into joueur (Equipe,Numero,Nom) values ('JSK',21,'RAIAH');
Insert into joueur (Equipe,Numero,Nom) values ('JSK',3,'ZITI');
Insert into joueur (Equipe,Numero,Nom) values ('JSK',4,'FERAHI');
Insert into joueur (Equipe,Numero,Nom) values ('JSK',15,'HAMROUN');
Insert into joueur (Equipe,Numero,Nom) values ('JSK',6,'MEGUEHOUT');
Insert into joueur (Equipe,Numero,Nom) values ('JSK',7,'SI AMMAR');
Insert into joueur (Equipe,Numero,Nom) values ('JSK',8,'YADROUDJ');
Insert into joueur (Equipe,Numero,Nom) values ('JSK',9,'AIBOUD');
Insert into joueur (Equipe,Numero,Nom) values ('JSK',10,'BOUTADJINE');
Insert into joueur (Equipe,Numero,Nom) values ('JSK',11,'FERGUENE');
Insert into joueur (Equipe,Numero,Nom) values ('JSK',13,'KARRAR');
Insert into joueur (Equipe,Numero,Nom) values ('JSK',14,'YOUCEF KHODJA');
Insert into joueur (Equipe,Numero,Nom) values ('JSK',32,'EBOSSE');
Insert into joueur (Equipe,Numero,Nom) values ('JSK',33,'KHALIL');

/* Joueurs JSS */

Insert into joueur (Equipe,Numero,Nom) values ('JSS',1,'NomBARKI');
Insert into joueur (Equipe,Numero,Nom) values ('JSS',2,'BENKHOUDJA');
Insert into joueur (Equipe,Numero,Nom) values ('JSS',3,'LAOUTI');
Insert into joueur (Equipe,Numero,Nom) values ('JSS',4,'BAPIDIFILS');
Insert into joueur (Equipe,Numero,Nom) values ('JSS',5,'BENMOHAMED');
Insert into joueur (Equipe,Numero,Nom) values ('JSS',6,'KHALDI');
Insert into joueur (Equipe,Numero,Nom) values ('JSS',7,'MEKDAD');
Insert into joueur (Equipe,Numero,Nom) values ('JSS',8,'SEBIE');
Insert into joueur (Equipe,Numero,Nom) values ('JSS',9,'TERBAH');
Insert into joueur (Equipe,Numero,Nom) values ('JSS',10,'TOUBEL');
Insert into joueur (Equipe,Numero,Nom) values ('JSS',11,'ACHOUR');
Insert into joueur (Equipe,Numero,Nom) values ('JSS',12,'AIB');
Insert into joueur (Equipe,Numero,Nom) values ('JSS',13,'AMRI');
Insert into joueur (Equipe,Numero,Nom) values ('JSS',14,'BENZERGA');
Insert into joueur (Equipe,Numero,Nom) values ('JSS',15,'BOUCHERIT');
Insert into joueur (Equipe,Numero,Nom) values ('JSS',16,'BOUSMAHA');
Insert into joueur (Equipe,Numero,Nom) values ('JSS',17,'HAMMIA');
Insert into joueur (Equipe,Numero,Nom) values ('JSS',18,'SAYAH');
Insert into joueur (Equipe,Numero,Nom) values ('JSS',19,'TIOULI');
Insert into joueur (Equipe,Numero,Nom) values ('JSS',20,'ZAOUI');
Insert into joueur (Equipe,Numero,Nom) values ('JSS',21,'AOUDOU');
Insert into joueur (Equipe,Numero,Nom) values ('JSS',22,'BELKHEIR');
Insert into joueur (Equipe,Numero,Nom) values ('JSS',23,'DJABOUR');
Insert into joueur (Equipe,Numero,Nom) values ('JSS',24,'DJOUSSE');
Insert into joueur (Equipe,Numero,Nom) values ('JSS',25,'ELAMALI');
Insert into joueur (Equipe,Numero,Nom) values ('JSS',26,'DONALD');

/* Joueurs MCA */

Insert into joueur (Equipe,Numero,Nom) values ('MCA',1,'CHAOUCHI');
Insert into joueur (Equipe,Numero,Nom) values ('MCA',2,'DJEMILI');
Insert into joueur (Equipe,Numero,Nom) values ('MCA',3,'AKSAS');
Insert into joueur (Equipe,Numero,Nom) values ('MCA',4,'AZZI');
Insert into joueur (Equipe,Numero,Nom) values ('MCA',5,'BACHIRI');
Insert into joueur (Equipe,Numero,Nom) values ('MCA',6,'BENDOUKHA');
Insert into joueur (Equipe,Numero,Nom) values ('MCA',7,'BERCHICHE');
Insert into joueur (Equipe,Numero,Nom) values ('MCA',8,'HACHOUD');
Insert into joueur (Equipe,Numero,Nom) values ('MCA',9,'HIKEM');
Insert into joueur (Equipe,Numero,Nom) values ('MCA',10,'ZEGHDANE');
Insert into joueur (Equipe,Numero,Nom) values ('MCA',11,'AOUADJ');
Insert into joueur (Equipe,Numero,Nom) values ('MCA',12,'BEN BRAHAM');
Insert into joueur (Equipe,Numero,Nom) values ('MCA',13,'CHITA');
Insert into joueur (Equipe,Numero,Nom) values ('MCA',14,'GHARBI');
Insert into joueur (Equipe,Numero,Nom) values ('MCA',15,'HENDOU');
Insert into joueur (Equipe,Numero,Nom) values ('MCA',16,'KARAOUI');
Insert into joueur (Equipe,Numero,Nom) values ('MCA',17,'DJALLIT');
Insert into joueur (Equipe,Numero,Nom) values ('MCA',18,'GOURMI');
Insert into joueur (Equipe,Numero,Nom) values ('MCA',19,'OUALI');
Insert into joueur (Equipe,Numero,Nom) values ('MCA',20,'SACKEY');
Insert into joueur (Equipe,Numero,Nom) values ('MCA',21,'SYLLA');
Insert into joueur (Equipe,Numero,Nom) values ('MCA',22,'YACHIR');
Insert into joueur (Equipe,Numero,Nom) values ('MCA',23,'KHATIR');
Insert into Joueur (Equipe,Numero,Nom) values ('MCA',24,'SIDAHMED AOUEDJ');

/* Joueurs MCEE */

Insert into joueur (Equipe,Numero,Nom) values ('MCEE',24,'AYACHI'); 
Insert into joueur (Equipe,Numero,Nom) values ('MCEE',1,'MAHSAS'); 
Insert into joueur (Equipe,Numero,Nom) values ('MCEE',22,'OUSSERIR'); 
Insert into joueur (Equipe,Numero,Nom) values ('MCEE',4,'BELHADI'); 
Insert into joueur (Equipe,Numero,Nom) values ('MCEE',18,'BELKHITER'); 
Insert into joueur (Equipe,Numero,Nom) values ('MCEE',15,'BOUZAMA'); 
Insert into joueur (Equipe,Numero,Nom) values ('MCEE',2,'MAÏZA'); 
Insert into joueur (Equipe,Numero,Nom) values ('MCEE',6,'NAMANE'); 
Insert into joueur (Equipe,Numero,Nom) values ('MCEE',20,'OUSSALAH'); 
Insert into joueur (Equipe,Numero,Nom) values ('MCEE',17,'ZEGHIDI'); 
Insert into joueur (Equipe,Numero,Nom) values ('MCEE',21,'ABBES'); 
Insert into joueur (Equipe,Numero,Nom) values ('MCEE',25,'BENTAYEB'); 
Insert into joueur (Equipe,Numero,Nom) values ('MCEE',30,'BOUTERBIAT'); 
Insert into joueur (Equipe,Numero,Nom) values ('MCEE',10,'CHENIHI'); 
Insert into joueur (Equipe,Numero,Nom) values ('MCEE',13,'DERRARDJA'); 
Insert into joueur (Equipe,Numero,Nom) values ('MCEE',26,'GHAZI'); 
Insert into joueur (Equipe,Numero,Nom) values ('MCEE',29,'HAMMAMI'); 
Insert into joueur (Equipe,Numero,Nom) values ('MCEE',9,'LABIOD'); 
Insert into joueur (Equipe,Numero,Nom) values ('MCEE',8,'MBINGUI'); 
Insert into joueur (Equipe,Numero,Nom) values ('MCEE',91,'RACHI'); 
Insert into joueur (Equipe,Numero,Nom) values ('MCEE',23,'BENAMAR'); 
Insert into joueur (Equipe,Numero,Nom) values ('MCEE',3,'BENYAMINA'); 
Insert into joueur (Equipe,Numero,Nom) values ('MCEE',33,'HEMITI');
Insert into joueur (Equipe,Numero,Nom) values ('MCEE',12,'KARA'); 

/* Joueurs MCO */

Insert into joueur (Equipe,Numero,Nom) values ('MCO',24,'BELARBI'); 
Insert into joueur (Equipe,Numero,Nom) values ('MCO',1,'NATECHE'); 
Insert into joueur (Equipe,Numero,Nom) values ('MCO',22,'BELLABES'); 
Insert into joueur (Equipe,Numero,Nom) values ('MCO',4,'BENCHAIB'); 
Insert into joueur (Equipe,Numero,Nom) values ('MCO',18,'ZAABIA'); 
Insert into joueur (Equipe,Numero,Nom) values ('MCO',15,'BOURZAMA'); 
Insert into joueur (Equipe,Numero,Nom) values ('MCO',26,'DJADANE'); 
Insert into joueur (Equipe,Numero,Nom) values ('MCO',6,'HAMDADOU'); 
Insert into joueur (Equipe,Numero,Nom) values ('MCO',20,'MERBAH'); 
Insert into joueur (Equipe,Numero,Nom) values ('MCO',17,'NESSAKH'); 
Insert into joueur (Equipe,Numero,Nom) values ('MCO',21,'OUASTI'); 
Insert into joueur (Equipe,Numero,Nom) values ('MCO',25,'SAIDI'); 
Insert into joueur (Equipe,Numero,Nom) values ('MCO',30,'AMMOUR'); 
Insert into joueur (Equipe,Numero,Nom) values ('MCO',10,'BEHLOUL'); 
Insert into joueur (Equipe,Numero,Nom) values ('MCO',13,'BENATTIA'); 
Insert into joueur (Equipe,Numero,Nom) values ('MCO',2,'BERRADJA'); 
Insert into joueur (Equipe,Numero,Nom) values ('MCO',29,'CHLAOUA'); 
Insert into joueur (Equipe,Numero,Nom) values ('MCO',9,'HERIAT'); 
Insert into joueur (Equipe,Numero,Nom) values ('MCO',8,'KHARROUBI'); 
Insert into joueur (Equipe,Numero,Nom) values ('MCO',91,'ATHMANI'); 
Insert into joueur (Equipe,Numero,Nom) values ('MCO',23,'BEZZAZ'); 
Insert into joueur (Equipe,Numero,Nom) values ('MCO',3,'CHERIF'); 
Insert into joueur (Equipe,Numero,Nom) values ('MCO',33,'FEKIH');
Insert into joueur (Equipe,Numero,Nom) values ('MCO',12,'LARBI'); 
Insert into joueur (Equipe,Numero,Nom) values ('MCO',7,'NEKKACHE'); 
Insert into joueur (Equipe,Numero,Nom) values ('MCO',34,'SLIMANI');
Insert into joueur (Equipe,Numero,Nom) values ('MCO',40,'Guechi');

/* Joueurs USMA */

Insert into joueur (Equipe,Numero,Nom) values ('USMA',1,'ZEMAMOUCHE');
Insert into joueur (Equipe,Numero,Nom) values ('USMA',16,'MERZOUKI');
Insert into joueur (Equipe,Numero,Nom) values ('USMA',27,'BERREFANE'); 
Insert into joueur (Equipe,Numero,Nom) values ('USMA',3,'ABDELAOUI');
Insert into joueur (Equipe,Numero,Nom) values ('USMA',4,'LAÏFAOUI'); 
Insert into joueur (Equipe,Numero,Nom) values ('USMA',6,'CHAFAÏ');
Insert into joueur (Equipe,Numero,Nom) values ('USMA',20,'KHOUALED');
Insert into joueur (Equipe,Numero,Nom) values ('USMA',25,'BENMOUSSA'); 
Insert into joueur (Equipe,Numero,Nom) values ('USMA',26,'BOUDEBOUDA'); 
Insert into joueur (Equipe,Numero,Nom) values ('USMA',29,'LAASSAMI'); 
Insert into joueur (Equipe,Numero,Nom) values ('USMA',30,'MEFTAH');
Insert into joueur (Equipe,Numero,Nom) values ('USMA',5,'BOURDIM');
Insert into joueur (Equipe,Numero,Nom) values ('USMA',7,'FERHAT');
Insert into joueur (Equipe,Numero,Nom) values ('USMA',8,'ORINEL');
Insert into joueur (Equipe,Numero,Nom) values ('USMA',10,'BELAILI');
Insert into joueur (Equipe,Numero,Nom) values ('USMA',11,'EL ORFI'); 
Insert into joueur (Equipe,Numero,Nom) values ('USMA',13,'BOUCHEMA');
Insert into joueur (Equipe,Numero,Nom) values ('USMA',15,'FEHAM');
Insert into joueur (Equipe,Numero,Nom) values ('USMA',23,'KOUDRI');
Insert into joueur (Equipe,Numero,Nom) values ('USMA',24,'BENKHEMASSA');
Insert into joueur (Equipe,Numero,Nom) values ('USMA',28,'BAITECHE');
Insert into joueur (Equipe,Numero,Nom) values ('USMA',21,'LAIFA');
Insert into joueur (Equipe,Numero,Nom) values ('USMA',9,'Andriamantisinoro');
Insert into joueur (Equipe,Numero,Nom) values ('USMA',14,'NADJI');
Insert into joueur (Equipe,Numero,Nom) values ('USMA',18,'SEGUER');
Insert into joueur (Equipe,Numero,Nom) values ('USMA',19,'NSOMBO');
Insert into joueur (Equipe,Numero,Nom) values ('USMA',33,'MEZIANE');
Insert into joueur (Equipe,Numero,Nom) values ('USMA',2,'El kouadio');
Insert into joueur (Equipe,Numero,Nom) values ('USMA',90,'RACHEDI'); 
Insert into joueur (Equipe,Numero,Nom) values ('USMA',12,'Beljeillali');
Insert into joueur (Equipe,Numero,Nom) values ('USMA',17,'Zubya');
Insert into joueur (Equipe,Numero,Nom) values ('USMA',22,'Bentaher');
Insert into joueur (Equipe,Numero,Nom) values ('USMA',34,'BAPIDI');
Insert into joueur (Equipe,Numero,Nom) values ('USMA',35,'Manucho');
Insert into joueur (Equipe,Numero,Nom) values ('USMA',36,'Nekkache');

/* Joueurs MOB */

Insert into joueur (Equipe,Numero,Nom) values ('MOB',1,'MANSOURI'); 
Insert into joueur (Equipe,Numero,Nom) values ('MOB',25,'RAHMANI'); 
Insert into joueur (Equipe,Numero,Nom) values ('MOB',22,'ZAIDI');
Insert into joueur (Equipe,Numero,Nom) values ('MOB',74,'SIDI SALAH');
Insert into joueur (Equipe,Numero,Nom) values ('MOB',2,'AGUID'); 
Insert into joueur (Equipe,Numero,Nom) values ('MOB',23,'BAOUALI'); 
Insert into joueur (Equipe,Numero,Nom) values ('MOB',31,'BENALI'); 
Insert into joueur (Equipe,Numero,Nom) values ('MOB',4,'DOMRANE'); 
Insert into joueur (Equipe,Numero,Nom) values ('MOB',19,'GUEDJALI'); 
Insert into joueur (Equipe,Numero,Nom) values ('MOB',5,'MEBARAKOU'); 
Insert into joueur (Equipe,Numero,Nom) values ('MOB',46,'MESSAOUDI'); 
Insert into joueur (Equipe,Numero,Nom) values ('MOB',28,'SALHI');
Insert into joueur (Equipe,Numero,Nom) values ('MOB',20,'BOUAMRIA');
Insert into joueur (Equipe,Numero,Nom) values ('MOB',8,'BETROUNI'); 
Insert into joueur (Equipe,Numero,Nom) values ('MOB',99,'DEHOUCHE'); 
Insert into joueur (Equipe,Numero,Nom) values ('MOB',6,'FERHAT'); 
Insert into joueur (Equipe,Numero,Nom) values ('MOB',18,'RAHAL'); 
Insert into joueur (Equipe,Numero,Nom) values ('MOB',15,'SIDIBE'); 
Insert into joueur (Equipe,Numero,Nom) values ('MOB',10,'YAYA'); 
Insert into joueur (Equipe,Numero,Nom) values ('MOB',32,'ZERDAB');
Insert into joueur (Equipe,Numero,Nom) values ('MOB',9,'HAMZAOUI');
Insert into joueur (Equipe,Numero,Nom) values ('MOB',70,'NDIAYE'); 
Insert into joueur (Equipe,Numero,Nom) values ('MOB',80,'BETRAOUI');
Insert into joueur (Equipe,Numero,Nom) values ('MOB',11,'BANOUH');
Insert into joueur (Equipe,Numero,Nom) values ('MOB',88,'BALLO');  
Insert into joueur (Equipe,Numero,Nom) values ('MOB',21,'BRAHMIA'); 
Insert into joueur (Equipe,Numero,Nom) values ('MOB',7,'CHATAL'); 
Insert into joueur (Equipe,Numero,Nom) values ('MOB',30,'SAYAH');
Insert into joueur (Equipe,Numero,Nom) values ('MOB',94,'BENSAYAH');
Insert into joueur (Equipe,Numero,Nom) values ('MOB',3,'Soumaila');

/* Rencontres */

Insert into Rencontre (NumeroRencontre,EquipeA,ButsEquipeA,ButsEquipeB,EquipeB,Stade,DateRencontre) values (1,'CSC',3,1,'JSK',16,'2015-05-29 17:00:00');
Insert into Rencontre (NumeroRencontre,EquipeA,ButsEquipeA,ButsEquipeB,EquipeB,Stade,DateRencontre) values (2,'MCEE',3,0,'ASMO',9,'2015-05-29 17:00:00');
Insert into Rencontre (NumeroRencontre,EquipeA,ButsEquipeA,ButsEquipeB,EquipeB,Stade,DateRencontre) values (3,'NAHD',1,0,'JSS',3,'2015-05-29 17:00:00');
Insert into Rencontre (NumeroRencontre,EquipeA,ButsEquipeA,ButsEquipeB,EquipeB,Stade,DateRencontre) values (4,'MCO',2,1,'ESS',1,'2015-05-29 17:00:00');
Insert into Rencontre (NumeroRencontre,EquipeA,ButsEquipeA,ButsEquipeB,EquipeB,Stade,DateRencontre) values (5,'RCA',2,1,'MCA',12,'2015-05-29 17:00:00');
Insert into Rencontre (NumeroRencontre,EquipeA,ButsEquipeA,ButsEquipeB,EquipeB,Stade,DateRencontre) values (6,'USMA',3,1,'ASOC',8,'2015-05-29 17:00:00');
Insert into Rencontre (NumeroRencontre,EquipeA,ButsEquipeA,ButsEquipeB,EquipeB,Stade,DateRencontre) values (7,'USMBA',1,3,'MOB',13,'2015-05-29 17:00:00');
Insert into Rencontre (NumeroRencontre,EquipeA,ButsEquipeA,ButsEquipeB,EquipeB,Stade,DateRencontre) values (8,'USMH',2,1,'CRB',14,'2015-05-29 17:00:00');
Insert into Rencontre (NumeroRencontre,EquipeA,ButsEquipeA,ButsEquipeB,EquipeB,Stade,DateRencontre) values (9,'ASMO',1,0,'USMA',1,'2015-05-23 17:00:00');
Insert into Rencontre (NumeroRencontre,EquipeA,ButsEquipeA,ButsEquipeB,EquipeB,Stade,DateRencontre) values (10,'ASOC',0,0,'NAHD',2,'2015-05-23 17:00:00');
Insert into Rencontre (NumeroRencontre,EquipeA,ButsEquipeA,ButsEquipeB,EquipeB,Stade,DateRencontre) values (11,'CRB',1,1,'RCA',3,'2015-05-23 17:00:00');
Insert into Rencontre (NumeroRencontre,EquipeA,ButsEquipeA,ButsEquipeB,EquipeB,Stade,DateRencontre) values (12,'ESS',2,0,'CSC',4,'2015-05-23 17:00:00');
Insert into Rencontre (NumeroRencontre,EquipeA,ButsEquipeA,ButsEquipeB,EquipeB,Stade,DateRencontre) values (13,'JSK',1,0,'USMH',6,'2015-05-23 17:00:00');
Insert into Rencontre (NumeroRencontre,EquipeA,ButsEquipeA,ButsEquipeB,EquipeB,Stade,DateRencontre) values (14,'JSS',1,0,'USMBA',7,'2015-05-23 17:00:00');
Insert into Rencontre (NumeroRencontre,EquipeA,ButsEquipeA,ButsEquipeB,EquipeB,Stade,DateRencontre) values (15,'MCA',1,0,'MCO',8,'2015-05-23 17:00:00');
Insert into Rencontre (NumeroRencontre,EquipeA,ButsEquipeA,ButsEquipeB,EquipeB,Stade,DateRencontre) values (16,'MOB',3,2,'MCEE',11,'2015-05-23 17:00:00');
Insert into Rencontre (NumeroRencontre,EquipeA,ButsEquipeA,ButsEquipeB,EquipeB,Stade,DateRencontre) values (17,'CRB',0,0,'ESS',3,'2015-05-16 17:00:00');
Insert into Rencontre (NumeroRencontre,EquipeA,ButsEquipeA,ButsEquipeB,EquipeB,Stade,DateRencontre) values (18,'USMH',1,2,'NAHD',14,'2015-05-16 17:00:00');
Insert into Rencontre (NumeroRencontre,EquipeA,ButsEquipeA,ButsEquipeB,EquipeB,Stade,DateRencontre) values (19,'CSC',1,1,'MCA',16,'2015-03-07 16:00:00');
Insert into Rencontre (NumeroRencontre,EquipeA,ButsEquipeA,ButsEquipeB,EquipeB,Stade,DateRencontre) values (20,'MCEE',0,0,'JSS',9,'2015-03-07 16:00:00');
Insert into Rencontre (NumeroRencontre,EquipeA,ButsEquipeA,ButsEquipeB,EquipeB,Stade,DateRencontre) values (21,'MCO',0,0,'ASMO',1,'2015-03-07 16:00:00');
Insert into Rencontre (NumeroRencontre,EquipeA,ButsEquipeA,ButsEquipeB,EquipeB,Stade,DateRencontre) values (22,'RCA',0,0,'JSK',12,'2015-03-07 16:00:00');
Insert into Rencontre (NumeroRencontre,EquipeA,ButsEquipeA,ButsEquipeB,EquipeB,Stade,DateRencontre) values (23,'USMA',1,1,'MOB',8,'2015-03-07 16:00:00');
Insert into Rencontre (NumeroRencontre,EquipeA,ButsEquipeA,ButsEquipeB,EquipeB,Stade,DateRencontre) values (24,'USMBA',0,0,'ASOC',13,'2015-03-07 16:00:00');
Insert into Rencontre (NumeroRencontre,EquipeA,ButsEquipeA,ButsEquipeB,EquipeB,Stade,DateRencontre) values (25,'CSC',1,0,'MOB',16,'2015-03-07 16:00:00');
Insert into Rencontre (NumeroRencontre,EquipeA,ButsEquipeA,ButsEquipeB,EquipeB,Stade,DateRencontre) values (26,'MCA',1,0,'USMBA',8,'2015-03-07 16:00:00');
Insert into Rencontre (NumeroRencontre,EquipeA,ButsEquipeA,ButsEquipeB,EquipeB,Stade,DateRencontre) values (27,'USMH',1,0,'JSS',14,'2015-03-07 15:00:00');
Insert into Rencontre (NumeroRencontre,EquipeA,ButsEquipeA,ButsEquipeB,EquipeB,Stade,DateRencontre) values (28,'ASMO',0,1,'CSC',1,'2015-05-09 17:00:00');
Insert into Rencontre (NumeroRencontre,EquipeA,ButsEquipeA,ButsEquipeB,EquipeB,Stade,DateRencontre) values (29,'ASOC',2,1,'MCEE',2,'2015-05-09 17:00:00');
Insert into Rencontre (NumeroRencontre,EquipeA,ButsEquipeA,ButsEquipeB,EquipeB,Stade,DateRencontre) values (30,'ESS',2,1,'RCA',4,'2015-05-09 17:00:00');
Insert into Rencontre (NumeroRencontre,EquipeA,ButsEquipeA,ButsEquipeB,EquipeB,Stade,DateRencontre) values (31,'NAHD',1,0,'USMBA',3,'2015-05-09 17:00:00');
Insert into Rencontre (NumeroRencontre,EquipeA,ButsEquipeA,ButsEquipeB,EquipeB,Stade,DateRencontre) values (32,'JSK',0,1,'CRB',6,'2015-05-09 17:00:00');
Insert into Rencontre (NumeroRencontre,EquipeA,ButsEquipeA,ButsEquipeB,EquipeB,Stade,DateRencontre) values (33,'JSS',3,2,'USMA',7,'2015-05-09 17:00:00');
Insert into Rencontre (NumeroRencontre,EquipeA,ButsEquipeA,ButsEquipeB,EquipeB,Stade,DateRencontre) values (34,'MCA',1,1,'USMH',8,'2015-05-09 17:00:00');
Insert into Rencontre (NumeroRencontre,EquipeA,ButsEquipeA,ButsEquipeB,EquipeB,Stade,DateRencontre) values (35,'MOB',0,0,'MCO',11,'2015-05-09 17:00:00');
Insert into Rencontre (NumeroRencontre,EquipeA,ButsEquipeA,ButsEquipeB,EquipeB,Stade,DateRencontre) values (36,'CRB',2,1,'ASMO',3,'2015-02-28 16:00:00');
Insert into Rencontre (NumeroRencontre,EquipeA,ButsEquipeA,ButsEquipeB,EquipeB,Stade,DateRencontre) values (37,'USMA',0,0,'MCA',8,'2015-02-28 16:00:00');
Insert into Rencontre (NumeroRencontre,EquipeA,ButsEquipeA,ButsEquipeB,EquipeB,Stade,DateRencontre) values (38,'ASOC',2,0,'CRB',2,'2015-02-28 16:00:00');
Insert into Rencontre (NumeroRencontre,EquipeA,ButsEquipeA,ButsEquipeB,EquipeB,Stade,DateRencontre) values (39,'NAHD',1,0,'MCO',3,'2015-02-28 16:00:00');
Insert into Rencontre (NumeroRencontre,EquipeA,ButsEquipeA,ButsEquipeB,EquipeB,Stade,DateRencontre) values (40,'JSS',2,1,'JSK',7,'2015-02-28 16:00:00');
Insert into Rencontre (NumeroRencontre,EquipeA,ButsEquipeA,ButsEquipeB,EquipeB,Stade,DateRencontre) values (41,'MOB',3,0,'ESS',11,'2015-02-28 16:00:00');
Insert into Rencontre (NumeroRencontre,EquipeA,ButsEquipeA,ButsEquipeB,EquipeB,Stade,DateRencontre) values (42,'CSC',1,0,'ASOC',16,'2015-04-25 16:00:00');
Insert into Rencontre (NumeroRencontre,EquipeA,ButsEquipeA,ButsEquipeB,EquipeB,Stade,DateRencontre) values (43,'MCEE',1,0,'USMBA',9,'2015-04-25 16:00:00');
Insert into Rencontre (NumeroRencontre,EquipeA,ButsEquipeA,ButsEquipeB,EquipeB,Stade,DateRencontre) values (44,'JSK',2,1,'MOB',6,'2015-04-25 16:00:00');
Insert into Rencontre (NumeroRencontre,EquipeA,ButsEquipeA,ButsEquipeB,EquipeB,Stade,DateRencontre) values (45,'MCO',1,0,'JSS',1,'2015-04-25 16:00:00');
Insert into Rencontre (NumeroRencontre,EquipeA,ButsEquipeA,ButsEquipeB,EquipeB,Stade,DateRencontre) values (46,'RCA',0,1,'NAHD',12,'2015-04-25 16:00:00');
Insert into Rencontre (NumeroRencontre,EquipeA,ButsEquipeA,ButsEquipeB,EquipeB,Stade,DateRencontre) values (47,'USMH',1,0,'ESS',14,'2015-04-25 16:00:00');
Insert into Rencontre (NumeroRencontre,EquipeA,ButsEquipeA,ButsEquipeB,EquipeB,Stade,DateRencontre) values (48,'ASMO',3,2,'RCA',10,'2015-04-18 16:00:00');
Insert into Rencontre (NumeroRencontre,EquipeA,ButsEquipeA,ButsEquipeB,EquipeB,Stade,DateRencontre) values (49,'ASOC',3,0,'MCO',2,'2015-04-21 18:00:00');
Insert into Rencontre (NumeroRencontre,EquipeA,ButsEquipeA,ButsEquipeB,EquipeB,Stade,DateRencontre) values (50,'ESS',1,0,'JSK',4,'2015-04-14 16:00:00');
Insert into Rencontre (NumeroRencontre,EquipeA,ButsEquipeA,ButsEquipeB,EquipeB,Stade,DateRencontre) values (51,'NAHD',1,2,'MCEE',3,'2015-04-14 16:00:00');
Insert into Rencontre (NumeroRencontre,EquipeA,ButsEquipeA,ButsEquipeB,EquipeB,Stade,DateRencontre) values (52,'USMBA',1,0,'USMA',13,'2015-04-14 16:00:00');
Insert into Rencontre (NumeroRencontre,EquipeA,ButsEquipeA,ButsEquipeB,EquipeB,Stade,DateRencontre) values (53,'JSS',1,1,'CSC',7,'2015-04-17 16:00:00');
Insert into Rencontre (NumeroRencontre,EquipeA,ButsEquipeA,ButsEquipeB,EquipeB,Stade,DateRencontre) values (54,'MCA',3,0,'CRB',8,'2015-04-17 16:00:00');
Insert into Rencontre (NumeroRencontre,EquipeA,ButsEquipeA,ButsEquipeB,EquipeB,Stade,DateRencontre) values (55,'MOB',0,1,'USMH',11,'2015-04-17 16:00:00');
Insert into Rencontre (NumeroRencontre,EquipeA,ButsEquipeA,ButsEquipeB,EquipeB,Stade,DateRencontre) values (56,'CRB',1,1,'JSS',3,'2015-03-28 18:00:00');
Insert into Rencontre (NumeroRencontre,EquipeA,ButsEquipeA,ButsEquipeB,EquipeB,Stade,DateRencontre) values (57,'ESS',0,1,'ASOC',4,'2015-03-28 16:00:00');
Insert into Rencontre (NumeroRencontre,EquipeA,ButsEquipeA,ButsEquipeB,EquipeB,Stade,DateRencontre) values (58,'JSK',1,2,'MCA',6,'2015-03-28 16:00:00');
Insert into Rencontre (NumeroRencontre,EquipeA,ButsEquipeA,ButsEquipeB,EquipeB,Stade,DateRencontre) values (59,'MCO',0,0,'USMBA',1,'2015-03-28 16:00:00');
Insert into Rencontre (NumeroRencontre,EquipeA,ButsEquipeA,ButsEquipeB,EquipeB,Stade,DateRencontre) values (60,'RCA',1,0,'MOB',12,'2015-03-28 16:00:00');
Insert into Rencontre (NumeroRencontre,EquipeA,ButsEquipeA,ButsEquipeB,EquipeB,Stade,DateRencontre) values (61,'USMH',3,3,'ASMO',14,'2015-03-28 15:00:00');
Insert into Rencontre (NumeroRencontre,EquipeA,ButsEquipeA,ButsEquipeB,EquipeB,Stade,DateRencontre) values (62,'CSC',2,2,'NAHD',16,'2015-04-10 16:00:00');
Insert into Rencontre (NumeroRencontre,EquipeA,ButsEquipeA,ButsEquipeB,EquipeB,Stade,DateRencontre) values (63,'USMA',1,1,'MCEE',8,'2015-04-10 18:00:00');
Insert into Rencontre (NumeroRencontre,EquipeA,ButsEquipeA,ButsEquipeB,EquipeB,Stade,DateRencontre) values (64,'ASMO',2,3,'JSK',1,'2015-03-21 16:00:00');
Insert into Rencontre (NumeroRencontre,EquipeA,ButsEquipeA,ButsEquipeB,EquipeB,Stade,DateRencontre) values (65,'NAHD',0,0,'USMA',3,'2015-03-21 16:00:00');
Insert into Rencontre (NumeroRencontre,EquipeA,ButsEquipeA,ButsEquipeB,EquipeB,Stade,DateRencontre) values (66,'JSS',2,1,'RCA',7,'2015-03-21 16:00:00');
Insert into Rencontre (NumeroRencontre,EquipeA,ButsEquipeA,ButsEquipeB,EquipeB,Stade,DateRencontre) values (67,'MCA',1,0,'ESS',8,'2015-03-21 16:00:00');
Insert into Rencontre (NumeroRencontre,EquipeA,ButsEquipeA,ButsEquipeB,EquipeB,Stade,DateRencontre) values (68,'MOB',2,2,'CRB',11,'2015-03-21 16:00:00');
Insert into Rencontre (NumeroRencontre,EquipeA,ButsEquipeA,ButsEquipeB,EquipeB,Stade,DateRencontre) values (69,'ASOC',2,1,'USMH',2,'2015-03-20 16:00:00');
Insert into Rencontre (NumeroRencontre,EquipeA,ButsEquipeA,ButsEquipeB,EquipeB,Stade,DateRencontre) values (70,'MCEE',0,1,'MCO',9,'2015-03-20 16:00:00');
Insert into Rencontre (NumeroRencontre,EquipeA,ButsEquipeA,ButsEquipeB,EquipeB,Stade,DateRencontre) values (71,'USMBA',2,0,'CSC',13,'2015-03-20 16:00:00');
Insert into Rencontre (NumeroRencontre,EquipeA,ButsEquipeA,ButsEquipeB,EquipeB,Stade,DateRencontre) values (72,'CRB',0,0,'NAHD',3,'2015-03-06 16:00:00');
Insert into Rencontre (NumeroRencontre,EquipeA,ButsEquipeA,ButsEquipeB,EquipeB,Stade,DateRencontre) values (73,'ESS',5,2,'ASMO',4,'2015-03-06 16:00:00');
Insert into Rencontre (NumeroRencontre,EquipeA,ButsEquipeA,ButsEquipeB,EquipeB,Stade,DateRencontre) values (74,'JSK',1,0,'MCEE',6,'2015-03-06 16:00:00');
Insert into Rencontre (NumeroRencontre,EquipeA,ButsEquipeA,ButsEquipeB,EquipeB,Stade,DateRencontre) values (75,'MCO',0,0,'USMA',10,'2015-03-06 16:00:00');
Insert into Rencontre (NumeroRencontre,EquipeA,ButsEquipeA,ButsEquipeB,EquipeB,Stade,DateRencontre) values (76,'RCA',3,1,'ASOC',12,'2015-03-06 16:00:00');
Insert into Rencontre (NumeroRencontre,EquipeA,ButsEquipeA,ButsEquipeB,EquipeB,Stade,DateRencontre) values (77,'ASMO',2,1,'MCA',1,'2015-02-27 18:00:00');
Insert into Rencontre (NumeroRencontre,EquipeA,ButsEquipeA,ButsEquipeB,EquipeB,Stade,DateRencontre) values (78,'MCEE',2,0,'RCA',9,'2015-02-27 18:00:00');
Insert into Rencontre (NumeroRencontre,EquipeA,ButsEquipeA,ButsEquipeB,EquipeB,Stade,DateRencontre) values (79,'USMA',2,0,'CSC',8,'2015-02-27 18:00:00');
Insert into Rencontre (NumeroRencontre,EquipeA,ButsEquipeA,ButsEquipeB,EquipeB,Stade,DateRencontre) values (80,'USMBA',2,1,'USMH',13,'2015-02-27 16:00:00');
Insert into Rencontre (NumeroRencontre,EquipeA,ButsEquipeA,ButsEquipeB,EquipeB,Stade,DateRencontre) values (81,'ASMO',2,0,'ASOC',10,'2015-02-10 16:00:00');
Insert into Rencontre (NumeroRencontre,EquipeA,ButsEquipeA,ButsEquipeB,EquipeB,Stade,DateRencontre) values (82,'CRB',1,0,'MCEE',3,'2015-02-10 16:00:00');
Insert into Rencontre (NumeroRencontre,EquipeA,ButsEquipeA,ButsEquipeB,EquipeB,Stade,DateRencontre) values (83,'MCA',1,0,'MOB',8,'2015-02-10 16:00:00');
Insert into Rencontre (NumeroRencontre,EquipeA,ButsEquipeA,ButsEquipeB,EquipeB,Stade,DateRencontre) values (84,'USMH',0,0,'USMA',14,'2015-02-10 16:00:00');
Insert into Rencontre (NumeroRencontre,EquipeA,ButsEquipeA,ButsEquipeB,EquipeB,Stade,DateRencontre) values (85,'CSC',0,0,'MCO',16,'2015-02-14 16:00:00');
Insert into Rencontre (NumeroRencontre,EquipeA,ButsEquipeA,ButsEquipeB,EquipeB,Stade,DateRencontre) values (86,'ESS',3,0,'JSS',4,'2015-02-14 15:00:00');
Insert into Rencontre (NumeroRencontre,EquipeA,ButsEquipeA,ButsEquipeB,EquipeB,Stade,DateRencontre) values (87,'RCA',2,0,'USMBA',12,'2015-02-14 15:00:00');
Insert into Rencontre (NumeroRencontre,EquipeA,ButsEquipeA,ButsEquipeB,EquipeB,Stade,DateRencontre) values (88,'JSK',1,0,'NAHD',4,'2015-02-13 16:00:00');
Insert into Rencontre (NumeroRencontre,EquipeA,ButsEquipeA,ButsEquipeB,EquipeB,Stade,DateRencontre) values (89,'ASOC',1,1,'JSK',2,'2015-02-06 16:00:00');
Insert into Rencontre (NumeroRencontre,EquipeA,ButsEquipeA,ButsEquipeB,EquipeB,Stade,DateRencontre) values (90,'MCEE',3,0,'CSC',9,'2015-02-06 16:00:00');
Insert into Rencontre (NumeroRencontre,EquipeA,ButsEquipeA,ButsEquipeB,EquipeB,Stade,DateRencontre) values (91,'NAHD',0,0,'ESS',3,'2015-02-06 16:00:00');
Insert into Rencontre (NumeroRencontre,EquipeA,ButsEquipeA,ButsEquipeB,EquipeB,Stade,DateRencontre) values (92,'JSS',2,1,'MCA',7,'2015-02-06 16:00:00');
Insert into Rencontre (NumeroRencontre,EquipeA,ButsEquipeA,ButsEquipeB,EquipeB,Stade,DateRencontre) values (93,'MOB',1,0,'ASMO',11,'2015-02-06 16:00:00');
Insert into Rencontre (NumeroRencontre,EquipeA,ButsEquipeA,ButsEquipeB,EquipeB,Stade,DateRencontre) values (94,'USMA',5,1,'RCA',8,'2015-02-06 16:00:00');
Insert into Rencontre (NumeroRencontre,EquipeA,ButsEquipeA,ButsEquipeB,EquipeB,Stade,DateRencontre) values (95,'MCO',1,0,'USMH',10,'2015-02-07 16:00:00');
Insert into Rencontre (NumeroRencontre,EquipeA,ButsEquipeA,ButsEquipeB,EquipeB,Stade,DateRencontre) values (96,'USMBA',0,1,'CRB',13,'2015-02-07 16:00:00');
Insert into Rencontre (NumeroRencontre,EquipeA,ButsEquipeA,ButsEquipeB,EquipeB,Stade,DateRencontre) values (97,'ASMO',1,0,'JSS',1,'2015-01-31 16:00:00');
Insert into Rencontre (NumeroRencontre,EquipeA,ButsEquipeA,ButsEquipeB,EquipeB,Stade,DateRencontre) values (98,'ESS',1,1,'MCEE',4,'2015-01-31 16:00:00');
Insert into Rencontre (NumeroRencontre,EquipeA,ButsEquipeA,ButsEquipeB,EquipeB,Stade,DateRencontre) values (99,'JSK',0,1,'USMBA',6,'2015-01-31 16:00:00');
Insert into Rencontre (NumeroRencontre,EquipeA,ButsEquipeA,ButsEquipeB,EquipeB,Stade,DateRencontre) values (100,'MCA',1,0,'NAHD',8,'2015-01-31 16:00:00');
Insert into Rencontre (NumeroRencontre,EquipeA,ButsEquipeA,ButsEquipeB,EquipeB,Stade,DateRencontre) values (101,'MOB',0,0,'ASOC',11,'2015-01-31 16:00:00');
Insert into Rencontre (NumeroRencontre,EquipeA,ButsEquipeA,ButsEquipeB,EquipeB,Stade,DateRencontre) values (102,'RCA',1,0,'MCO',12,'2015-01-31 16:00:00');
Insert into Rencontre (NumeroRencontre,EquipeA,ButsEquipeA,ButsEquipeB,EquipeB,Stade,DateRencontre) values (103,'USMH',1,0,'CSC',14,'2015-01-31 16:00:00');
Insert into Rencontre (NumeroRencontre,EquipeA,ButsEquipeA,ButsEquipeB,EquipeB,Stade,DateRencontre) values (104,'CRB',2,1,'USMA',3,'2015-01-30 16:00:00');
Insert into Rencontre (NumeroRencontre,EquipeA,ButsEquipeA,ButsEquipeB,EquipeB,Stade,DateRencontre) values (105,'ASOC',0,0,'MCA',2,'2015-01-24 16:00:00');
Insert into Rencontre (NumeroRencontre,EquipeA,ButsEquipeA,ButsEquipeB,EquipeB,Stade,DateRencontre) values (106,'CSC',2,0,'RCA',16,'2015-01-24 16:00:00');
Insert into Rencontre (NumeroRencontre,EquipeA,ButsEquipeA,ButsEquipeB,EquipeB,Stade,DateRencontre) values (107,'MCEE',4,1,'USMH',9,'2015-01-24 16:00:00');
Insert into Rencontre (NumeroRencontre,EquipeA,ButsEquipeA,ButsEquipeB,EquipeB,Stade,DateRencontre) values (108,'NAHD',2,0,'ASMO',3,'2015-01-24 16:00:00');
Insert into Rencontre (NumeroRencontre,EquipeA,ButsEquipeA,ButsEquipeB,EquipeB,Stade,DateRencontre) values (109,'JSS',0,1,'MOB',7,'2015-01-24 15:00:00');
Insert into Rencontre (NumeroRencontre,EquipeA,ButsEquipeA,ButsEquipeB,EquipeB,Stade,DateRencontre) values (110,'MCO',0,0,'CRB',1,'2015-01-24 16:00:00');
Insert into Rencontre (NumeroRencontre,EquipeA,ButsEquipeA,ButsEquipeB,EquipeB,Stade,DateRencontre) values (111,'USMA',1,1,'JSK',8,'2015-01-24 16:00:00');
Insert into Rencontre (NumeroRencontre,EquipeA,ButsEquipeA,ButsEquipeB,EquipeB,Stade,DateRencontre) values (112,'USMBA',1,2,'ESS',13,'2015-01-24 16:00:00');
Insert into Rencontre (NumeroRencontre,EquipeA,ButsEquipeA,ButsEquipeB,EquipeB,Stade,DateRencontre) values (113,'ASMO',2,1,'USMBA',1,'2015-01-20 16:00:00');
Insert into Rencontre (NumeroRencontre,EquipeA,ButsEquipeA,ButsEquipeB,EquipeB,Stade,DateRencontre) values (114,'CRB',1,1,'CSC',3,'2015-01-20 16:00:00');
Insert into Rencontre (NumeroRencontre,EquipeA,ButsEquipeA,ButsEquipeB,EquipeB,Stade,DateRencontre) values (115,'ESS',3,2,'USMA',4,'2015-01-20 17:45:00');
Insert into Rencontre (NumeroRencontre,EquipeA,ButsEquipeA,ButsEquipeB,EquipeB,Stade,DateRencontre) values (116,'JSK',0,1,'MCO',6,'2015-01-20 16:00:00');
Insert into Rencontre (NumeroRencontre,EquipeA,ButsEquipeA,ButsEquipeB,EquipeB,Stade,DateRencontre) values (117,'JSS',0,0,'ASOC',7,'2015-01-20 16:00:00');
Insert into Rencontre (NumeroRencontre,EquipeA,ButsEquipeA,ButsEquipeB,EquipeB,Stade,DateRencontre) values (118,'MCA',4,0,'MCEE',8,'2015-01-20 16:00:00');
Insert into Rencontre (NumeroRencontre,EquipeA,ButsEquipeA,ButsEquipeB,EquipeB,Stade,DateRencontre) values (119,'MOB',0,0,'NAHD',11,'2015-01-20 16:00:00');
Insert into Rencontre (NumeroRencontre,EquipeA,ButsEquipeA,ButsEquipeB,EquipeB,Stade,DateRencontre) values (120,'RCA',1,0,'USMH',12,'2015-01-20 16:00:00');
Insert into Rencontre (NumeroRencontre,EquipeA,ButsEquipeA,ButsEquipeB,EquipeB,Stade,DateRencontre) values (121,'ASMO',1,0,'MCEE',1,'2014-12-30 16:00:00');
Insert into Rencontre (NumeroRencontre,EquipeA,ButsEquipeA,ButsEquipeB,EquipeB,Stade,DateRencontre) values (122,'ASOC',0,0,'USMA',2,'2014-12-30 14:30:00');
Insert into Rencontre (NumeroRencontre,EquipeA,ButsEquipeA,ButsEquipeB,EquipeB,Stade,DateRencontre) values (123,'CRB',1,0,'USMH',3,'2014-12-30 16:00:00');
Insert into Rencontre (NumeroRencontre,EquipeA,ButsEquipeA,ButsEquipeB,EquipeB,Stade,DateRencontre) values (124,'JSS',1,0,'NAHD',7,'2014-12-30 14:30:00');
Insert into Rencontre (NumeroRencontre,EquipeA,ButsEquipeA,ButsEquipeB,EquipeB,Stade,DateRencontre) values (125,'MCA',0,2,'RCA',8,'2014-12-30 16:00:00');
Insert into Rencontre (NumeroRencontre,EquipeA,ButsEquipeA,ButsEquipeB,EquipeB,Stade,DateRencontre) values (126,'MOB',1,0,'USMBA',11,'2014-12-30 18:00:00');
Insert into Rencontre (NumeroRencontre,EquipeA,ButsEquipeA,ButsEquipeB,EquipeB,Stade,DateRencontre) values (127,'ESS',1,2,'MCO',4,'2015-01-16 16:00:00');
Insert into Rencontre (NumeroRencontre,EquipeA,ButsEquipeA,ButsEquipeB,EquipeB,Stade,DateRencontre) values (128,'JSK',2,1,'CSC',6,'2014-12-31 17:00:00');
Insert into Rencontre (NumeroRencontre,EquipeA,ButsEquipeA,ButsEquipeB,EquipeB,Stade,DateRencontre) values (129,'CSC',1,2,'ESS',16,'2014-12-21 17:00:00');
Insert into Rencontre (NumeroRencontre,EquipeA,ButsEquipeA,ButsEquipeB,EquipeB,Stade,DateRencontre) values (130,'MCEE',1,2,'MOB',9,'2014-12-20 16:00:00');
Insert into Rencontre (NumeroRencontre,EquipeA,ButsEquipeA,ButsEquipeB,EquipeB,Stade,DateRencontre) values (131,'MCO',1,1,'MCA',1,'2014-12-20 16:00:00');
Insert into Rencontre (NumeroRencontre,EquipeA,ButsEquipeA,ButsEquipeB,EquipeB,Stade,DateRencontre) values (132,'RCA',2,0,'CRB',12,'2014-12-20 14:30:00');
Insert into Rencontre (NumeroRencontre,EquipeA,ButsEquipeA,ButsEquipeB,EquipeB,Stade,DateRencontre) values (133,'USMBA',1,1,'JSS',13,'2014-12-20 16:00:00');
Insert into Rencontre (NumeroRencontre,EquipeA,ButsEquipeA,ButsEquipeB,EquipeB,Stade,DateRencontre) values (134,'USMH',0,0,'JSK',14,'2014-12-20 14:30:00');
Insert into Rencontre (NumeroRencontre,EquipeA,ButsEquipeA,ButsEquipeB,EquipeB,Stade,DateRencontre) values (135,'NAHD',1,0,'ASOC',3,'2014-12-19 16:00:00');
Insert into Rencontre (NumeroRencontre,EquipeA,ButsEquipeA,ButsEquipeB,EquipeB,Stade,DateRencontre) values (136,'USMA',1,2,'ASMO',8,'2014-12-19 16:00:00');
Insert into Rencontre (NumeroRencontre,EquipeA,ButsEquipeA,ButsEquipeB,EquipeB,Stade,DateRencontre) values (137,'ASMO',0,0,'MCO',10,'2014-12-06 16:00:00');
Insert into Rencontre (NumeroRencontre,EquipeA,ButsEquipeA,ButsEquipeB,EquipeB,Stade,DateRencontre) values (138,'ASOC',1,1,'USMBA',2,'2014-12-06 16:00:00');
Insert into Rencontre (NumeroRencontre,EquipeA,ButsEquipeA,ButsEquipeB,EquipeB,Stade,DateRencontre) values (139,'ESS',1,0,'CRB',4,'2014-12-06 17:45:00');
Insert into Rencontre (NumeroRencontre,EquipeA,ButsEquipeA,ButsEquipeB,EquipeB,Stade,DateRencontre) values (140,'JSS',1,0,'MCEE',7,'2014-12-06 15:00:00');
Insert into Rencontre (NumeroRencontre,EquipeA,ButsEquipeA,ButsEquipeB,EquipeB,Stade,DateRencontre) values (141,'MCA',0,0,'CSC',8,'2014-12-06 16:00:00');
Insert into Rencontre (NumeroRencontre,EquipeA,ButsEquipeA,ButsEquipeB,EquipeB,Stade,DateRencontre) values (142,'MOB',0,1,'USMA',11,'2014-12-06 16:00:00');
Insert into Rencontre (NumeroRencontre,EquipeA,ButsEquipeA,ButsEquipeB,EquipeB,Stade,DateRencontre) values (143,'NAHD',1,2,'USMH',3,'2014-12-05 16:00:00');
Insert into Rencontre (NumeroRencontre,EquipeA,ButsEquipeA,ButsEquipeB,EquipeB,Stade,DateRencontre) values (144,'JSK',2,1,'RCA',8,'2014-12-05 17:30:00');
Insert into Rencontre (NumeroRencontre,EquipeA,ButsEquipeA,ButsEquipeB,EquipeB,Stade,DateRencontre) values (145,'CRB',2,1,'JSK',3,'2014-11-29 16:00:00');
Insert into Rencontre (NumeroRencontre,EquipeA,ButsEquipeA,ButsEquipeB,EquipeB,Stade,DateRencontre) values (146,'CSC',1,0,'ASMO',16,'2014-11-29 16:00:00');
Insert into Rencontre (NumeroRencontre,EquipeA,ButsEquipeA,ButsEquipeB,EquipeB,Stade,DateRencontre) values (147,'MCEE',2,1,'ASOC',9,'2014-11-29 16:00:00');
Insert into Rencontre (NumeroRencontre,EquipeA,ButsEquipeA,ButsEquipeB,EquipeB,Stade,DateRencontre) values (148,'MCO',1,1,'MOB',1,'2014-11-29 16:00:00');
Insert into Rencontre (NumeroRencontre,EquipeA,ButsEquipeA,ButsEquipeB,EquipeB,Stade,DateRencontre) values (149,'RCA',1,1,'ESS',12,'2014-11-29 16:00:00');
Insert into Rencontre (NumeroRencontre,EquipeA,ButsEquipeA,ButsEquipeB,EquipeB,Stade,DateRencontre) values (150,'USMA',3,1,'JSS',8,'2014-11-29 16:00:00');
Insert into Rencontre (NumeroRencontre,EquipeA,ButsEquipeA,ButsEquipeB,EquipeB,Stade,DateRencontre) values (151,'USMBA',0,0,'NAHD',13,'2014-11-29 16:00:00');
Insert into Rencontre (NumeroRencontre,EquipeA,ButsEquipeA,ButsEquipeB,EquipeB,Stade,DateRencontre) values (152,'USMH',1,0,'MCA',14,'2014-11-28 15:00:00');
Insert into Rencontre (NumeroRencontre,EquipeA,ButsEquipeA,ButsEquipeB,EquipeB,Stade,DateRencontre) values (153,'ASMO',0,0,'CRB',1,'2014-11-22 18:00:00');
Insert into Rencontre (NumeroRencontre,EquipeA,ButsEquipeA,ButsEquipeB,EquipeB,Stade,DateRencontre) values (154,'ASOC',0,3,'CSC',2,'2014-11-22 18:00:00');
Insert into Rencontre (NumeroRencontre,EquipeA,ButsEquipeA,ButsEquipeB,EquipeB,Stade,DateRencontre) values (155,'ESS',2,0,'USMH',4,'2014-11-22 17:45:00');
Insert into Rencontre (NumeroRencontre,EquipeA,ButsEquipeA,ButsEquipeB,EquipeB,Stade,DateRencontre) values (156,'NAHD',3,0,'RCA',3,'2014-11-22 16:00:00');
Insert into Rencontre (NumeroRencontre,EquipeA,ButsEquipeA,ButsEquipeB,EquipeB,Stade,DateRencontre) values (157,'JSS',0,0,'MCO',7,'2014-11-22 15:00:00');
Insert into Rencontre (NumeroRencontre,EquipeA,ButsEquipeA,ButsEquipeB,EquipeB,Stade,DateRencontre) values (158,'MCA',0,1,'USMA',8,'2014-11-22 18:00:00');
Insert into Rencontre (NumeroRencontre,EquipeA,ButsEquipeA,ButsEquipeB,EquipeB,Stade,DateRencontre) values (159,'USMBA',2,1,'MCEE',13,'2014-11-22 18:00:00');
Insert into Rencontre (NumeroRencontre,EquipeA,ButsEquipeA,ButsEquipeB,EquipeB,Stade,DateRencontre) values (160,'MOB',3,1,'JSK',11,'2014-11-21 16:00:00');
Insert into Rencontre (NumeroRencontre,EquipeA,ButsEquipeA,ButsEquipeB,EquipeB,Stade,DateRencontre) values (161,'CRB',2,0,'MCA',3,'2014-11-08 16:00:00');
Insert into Rencontre (NumeroRencontre,EquipeA,ButsEquipeA,ButsEquipeB,EquipeB,Stade,DateRencontre) values (162,'CSC',0,0,'JSS',16,'2014-11-08 17:45:00');
Insert into Rencontre (NumeroRencontre,EquipeA,ButsEquipeA,ButsEquipeB,EquipeB,Stade,DateRencontre) values (163,'MCEE',2,0,'NAHD',9,'2014-11-08 18:00:00');
Insert into Rencontre (NumeroRencontre,EquipeA,ButsEquipeA,ButsEquipeB,EquipeB,Stade,DateRencontre) values (164,'MCO',1,0,'ASOC',10,'2014-11-08 18:00:00');
Insert into Rencontre (NumeroRencontre,EquipeA,ButsEquipeA,ButsEquipeB,EquipeB,Stade,DateRencontre) values (165,'RCA',1,0,'ASMO',12,'2014-11-08 15:00:00');
Insert into Rencontre (NumeroRencontre,EquipeA,ButsEquipeA,ButsEquipeB,EquipeB,Stade,DateRencontre) values (166,'USMH',2,1,'MOB',14,'2014-11-08 15:00:00');
Insert into Rencontre (NumeroRencontre,EquipeA,ButsEquipeA,ButsEquipeB,EquipeB,Stade,DateRencontre) values (167,'JSK',1,1,'ESS',6,'2014-11-07 17:00:00');
Insert into Rencontre (NumeroRencontre,EquipeA,ButsEquipeA,ButsEquipeB,EquipeB,Stade,DateRencontre) values (168,'USMA',2,0,'USMBA',8,'2014-11-01 19:00:00');
Insert into Rencontre (NumeroRencontre,EquipeA,ButsEquipeA,ButsEquipeB,EquipeB,Stade,DateRencontre) values (169,'ASMO',1,3,'USMH',10,'2014-11-01 16:00:00');
Insert into Rencontre (NumeroRencontre,EquipeA,ButsEquipeA,ButsEquipeB,EquipeB,Stade,DateRencontre) values (170,'JSS',1,2,'CRB',7,'2014-11-01 15:00:00');
Insert into Rencontre (NumeroRencontre,EquipeA,ButsEquipeA,ButsEquipeB,EquipeB,Stade,DateRencontre) values (171,'MOB',2,0,'RCA',11,'2014-11-01 18:00:00');
Insert into Rencontre (NumeroRencontre,EquipeA,ButsEquipeA,ButsEquipeB,EquipeB,Stade,DateRencontre) values (172,'USMBA',1,0,'MCO',13,'2014-11-01 16:00:00');
Insert into Rencontre (NumeroRencontre,EquipeA,ButsEquipeA,ButsEquipeB,EquipeB,Stade,DateRencontre) values (173,'ASOC',2,1,'ESS',2,'2014-12-02 16:00:00');
Insert into Rencontre (NumeroRencontre,EquipeA,ButsEquipeA,ButsEquipeB,EquipeB,Stade,DateRencontre) values (174,'MCEE',1,2,'USMA',9,'2014-10-31 16:00:00');
Insert into Rencontre (NumeroRencontre,EquipeA,ButsEquipeA,ButsEquipeB,EquipeB,Stade,DateRencontre) values (175,'NAHD',2,0,'CSC',3,'2014-10-31 16:00:00');
Insert into Rencontre (NumeroRencontre,EquipeA,ButsEquipeA,ButsEquipeB,EquipeB,Stade,DateRencontre) values (176,'MCA',2,4,'JSK',8,'2014-10-30 18:00:00');
Insert into Rencontre (NumeroRencontre,EquipeA,ButsEquipeA,ButsEquipeB,EquipeB,Stade,DateRencontre) values (177,'CRB',0,2,'MOB',3,'2014-10-25 16:00:00');
Insert into Rencontre (NumeroRencontre,EquipeA,ButsEquipeA,ButsEquipeB,EquipeB,Stade,DateRencontre) values (178,'CSC',0,0,'USMBA',16,'2014-10-25 17:45:00');
Insert into Rencontre (NumeroRencontre,EquipeA,ButsEquipeA,ButsEquipeB,EquipeB,Stade,DateRencontre) values (179,'MCO',2,1,'MCEE',10,'2014-10-25 17:45:00');
Insert into Rencontre (NumeroRencontre,EquipeA,ButsEquipeA,ButsEquipeB,EquipeB,Stade,DateRencontre) values (180,'RCA',2,1,'JSS',12,'2014-10-25 15:00:00');
Insert into Rencontre (NumeroRencontre,EquipeA,ButsEquipeA,ButsEquipeB,EquipeB,Stade,DateRencontre) values (181,'USMH',0,1,'ASOC',14,'2014-10-25 15:00:00');
Insert into Rencontre (NumeroRencontre,EquipeA,ButsEquipeA,ButsEquipeB,EquipeB,Stade,DateRencontre) values (182,'ESS',2,1,'MCA',4,'2014-11-25 18:00:00');
Insert into Rencontre (NumeroRencontre,EquipeA,ButsEquipeA,ButsEquipeB,EquipeB,Stade,DateRencontre) values (183,'JSK',0,2,'ASMO',6,'2014-10-24 16:00:00');
Insert into Rencontre (NumeroRencontre,EquipeA,ButsEquipeA,ButsEquipeB,EquipeB,Stade,DateRencontre) values (184,'USMA',0,0,'NAHD',8,'2014-10-24 16:00:00');
Insert into Rencontre (NumeroRencontre,EquipeA,ButsEquipeA,ButsEquipeB,EquipeB,Stade,DateRencontre) values (185,'ASMO',1,0,'ESS',10,'2014-10-17 18:00:00');
Insert into Rencontre (NumeroRencontre,EquipeA,ButsEquipeA,ButsEquipeB,EquipeB,Stade,DateRencontre) values (186,'NAHD',1,0,'CRB',8,'2014-10-17 20:30:00');
Insert into Rencontre (NumeroRencontre,EquipeA,ButsEquipeA,ButsEquipeB,EquipeB,Stade,DateRencontre) values (187,'ASOC',2,0,'RCA',2,'2014-10-18 16:00:00');
Insert into Rencontre (NumeroRencontre,EquipeA,ButsEquipeA,ButsEquipeB,EquipeB,Stade,DateRencontre) values (188,'MCEE',3,2,'JSK',9,'2014-10-18 19:00:00');
Insert into Rencontre (NumeroRencontre,EquipeA,ButsEquipeA,ButsEquipeB,EquipeB,Stade,DateRencontre) values (189,'JSS',1,0,'USMH',7,'2014-10-18 15:00:00');
Insert into Rencontre (NumeroRencontre,EquipeA,ButsEquipeA,ButsEquipeB,EquipeB,Stade,DateRencontre) values (190,'MOB',2,0,'CSC',11,'2014-10-18 18:00:00');
Insert into Rencontre (NumeroRencontre,EquipeA,ButsEquipeA,ButsEquipeB,EquipeB,Stade,DateRencontre) values (191,'USMA',1,1,'MCO',8,'2014-10-18 19:00:00');
Insert into Rencontre (NumeroRencontre,EquipeA,ButsEquipeA,ButsEquipeB,EquipeB,Stade,DateRencontre) values (192,'USMBA',2,1,'MCA',13,'2014-10-18 18:00:00');
Insert into Rencontre (NumeroRencontre,EquipeA,ButsEquipeA,ButsEquipeB,EquipeB,Stade,DateRencontre) values (193,'CRB',3,2,'ASOC',3,'2014-10-02 16:00:00');
Insert into Rencontre (NumeroRencontre,EquipeA,ButsEquipeA,ButsEquipeB,EquipeB,Stade,DateRencontre) values (194,'CSC',2,1,'USMA',16,'2014-10-02 19:00:00');
Insert into Rencontre (NumeroRencontre,EquipeA,ButsEquipeA,ButsEquipeB,EquipeB,Stade,DateRencontre) values (195,'ESS',1,1,'MOB',4,'2014-10-02 19:00:00');
Insert into Rencontre (NumeroRencontre,EquipeA,ButsEquipeA,ButsEquipeB,EquipeB,Stade,DateRencontre) values (196,'MCA',0,0,'ASMO',8,'2014-10-02 19:00:00');
Insert into Rencontre (NumeroRencontre,EquipeA,ButsEquipeA,ButsEquipeB,EquipeB,Stade,DateRencontre) values (197,'MCO',1,0,'NAHD',10,'2014-10-02 19:00:00');
Insert into Rencontre (NumeroRencontre,EquipeA,ButsEquipeA,ButsEquipeB,EquipeB,Stade,DateRencontre) values (198,'RCA',0,0,'MCEE',12,'2014-10-02 16:00:00');
Insert into Rencontre (NumeroRencontre,EquipeA,ButsEquipeA,ButsEquipeB,EquipeB,Stade,DateRencontre) values (199,'USMH',2,0,'USMBA',14,'2014-10-02 16:00:00');
Insert into Rencontre (NumeroRencontre,EquipeA,ButsEquipeA,ButsEquipeB,EquipeB,Stade,DateRencontre) values (200,'JSK',0,1,'JSS',3,'2014-10-01 17:00:00');
Insert into Rencontre (NumeroRencontre,EquipeA,ButsEquipeA,ButsEquipeB,EquipeB,Stade,DateRencontre) values (201,'ASOC',1,1,'ASMO',2,'2014-09-27 19:00:00');
Insert into Rencontre (NumeroRencontre,EquipeA,ButsEquipeA,ButsEquipeB,EquipeB,Stade,DateRencontre) values (202,'MCEE',4,1,'CRB',9,'2014-09-27 19:00:00');
Insert into Rencontre (NumeroRencontre,EquipeA,ButsEquipeA,ButsEquipeB,EquipeB,Stade,DateRencontre) values (203,'MCO',2,1,'CSC',1,'2014-09-27 19:00:00');
Insert into Rencontre (NumeroRencontre,EquipeA,ButsEquipeA,ButsEquipeB,EquipeB,Stade,DateRencontre) values (204,'MOB',2,2,'MCA',11,'2014-09-27 19:00:00');
Insert into Rencontre (NumeroRencontre,EquipeA,ButsEquipeA,ButsEquipeB,EquipeB,Stade,DateRencontre) values (205,'USMA',0,1,'USMH',8,'2014-09-27 17:45:00');
Insert into Rencontre (NumeroRencontre,EquipeA,ButsEquipeA,ButsEquipeB,EquipeB,Stade,DateRencontre) values (206,'USMBA',1,0,'RCA',13,'2014-09-27 17:45:00');
Insert into Rencontre (NumeroRencontre,EquipeA,ButsEquipeA,ButsEquipeB,EquipeB,Stade,DateRencontre) values (207,'NAHD',1,2,'JSK',3,'2014-09-26 17:45:00');
Insert into Rencontre (NumeroRencontre,EquipeA,ButsEquipeA,ButsEquipeB,EquipeB,Stade,DateRencontre) values (208,'JSS',1,2,'ESS',7,'2014-11-14 15:00:00');
Insert into Rencontre (NumeroRencontre,EquipeA,ButsEquipeA,ButsEquipeB,EquipeB,Stade,DateRencontre) values (209,'ASMO',1,1,'MOB',1,'2014-09-20 17:45:00');
Insert into Rencontre (NumeroRencontre,EquipeA,ButsEquipeA,ButsEquipeB,EquipeB,Stade,DateRencontre) values (210,'CRB',1,1,'USMBA',3,'2014-09-20 19:00:00');
Insert into Rencontre (NumeroRencontre,EquipeA,ButsEquipeA,ButsEquipeB,EquipeB,Stade,DateRencontre) values (211,'JSK',0,0,'ASOC',3,'2014-09-20 17:00:00');
Insert into Rencontre (NumeroRencontre,EquipeA,ButsEquipeA,ButsEquipeB,EquipeB,Stade,DateRencontre) values (212,'MCA',2,1,'JSS',8,'2014-09-20 17:45:00');
Insert into Rencontre (NumeroRencontre,EquipeA,ButsEquipeA,ButsEquipeB,EquipeB,Stade,DateRencontre) values (213,'RCA',2,0,'USMA',12,'2014-09-20 16:00:00');
Insert into Rencontre (NumeroRencontre,EquipeA,ButsEquipeA,ButsEquipeB,EquipeB,Stade,DateRencontre) values (214,'CSC',2,2,'MCEE',16,'2014-09-19 17:45:00');
Insert into Rencontre (NumeroRencontre,EquipeA,ButsEquipeA,ButsEquipeB,EquipeB,Stade,DateRencontre) values (215,'USMH',2,0,'MCO',14,'2014-09-19 16:00:00');
Insert into Rencontre (NumeroRencontre,EquipeA,ButsEquipeA,ButsEquipeB,EquipeB,Stade,DateRencontre) values (216,'ESS',1,1,'NAHD',4,'2014-09-16 19:00:00');
Insert into Rencontre (NumeroRencontre,EquipeA,ButsEquipeA,ButsEquipeB,EquipeB,Stade,DateRencontre) values (217,'ASOC',0,0,'MOB',2,'2014-09-13 19:00:00');
Insert into Rencontre (NumeroRencontre,EquipeA,ButsEquipeA,ButsEquipeB,EquipeB,Stade,DateRencontre) values (218,'CSC',4,1,'USMH',16,'2014-09-13 19:00:00');
Insert into Rencontre (NumeroRencontre,EquipeA,ButsEquipeA,ButsEquipeB,EquipeB,Stade,DateRencontre) values (219,'MCEE',0,1,'ESS',9,'2014-09-13 19:00:00');
Insert into Rencontre (NumeroRencontre,EquipeA,ButsEquipeA,ButsEquipeB,EquipeB,Stade,DateRencontre) values (220,'JSS',3,1,'ASMO',7,'2014-09-13 19:00:00');
Insert into Rencontre (NumeroRencontre,EquipeA,ButsEquipeA,ButsEquipeB,EquipeB,Stade,DateRencontre) values (221,'MCO',2,0,'RCA',10,'2014-09-13 19:00:00');
Insert into Rencontre (NumeroRencontre,EquipeA,ButsEquipeA,ButsEquipeB,EquipeB,Stade,DateRencontre) values (222,'USMBA',0,2,'JSK',13,'2014-09-13 19:00:00');
Insert into Rencontre (NumeroRencontre,EquipeA,ButsEquipeA,ButsEquipeB,EquipeB,Stade,DateRencontre) values (223,'NAHD',1,1,'MCA',3,'2014-09-12 17:45:00');
Insert into Rencontre (NumeroRencontre,EquipeA,ButsEquipeA,ButsEquipeB,EquipeB,Stade,DateRencontre) values (224,'USMA',2,0,'CRB',8,'2014-08-30 17:45:00');
Insert into Rencontre (NumeroRencontre,EquipeA,ButsEquipeA,ButsEquipeB,EquipeB,Stade,DateRencontre) values (225,'ASMO',2,1,'NAHD',10,'2014-08-23 19:00:00');
Insert into Rencontre (NumeroRencontre,EquipeA,ButsEquipeA,ButsEquipeB,EquipeB,Stade,DateRencontre) values (226,'CRB',1,0,'MCO',3,'2014-08-23 17:00:00');
Insert into Rencontre (NumeroRencontre,EquipeA,ButsEquipeA,ButsEquipeB,EquipeB,Stade,DateRencontre) values (227,'JSK',1,2,'USMA',6,'2014-08-23 19:00:00');
Insert into Rencontre (NumeroRencontre,EquipeA,ButsEquipeA,ButsEquipeB,EquipeB,Stade,DateRencontre) values (228,'MCA',3,1,'ASOC',8,'2014-08-23 17:45:00');
Insert into Rencontre (NumeroRencontre,EquipeA,ButsEquipeA,ButsEquipeB,EquipeB,Stade,DateRencontre) values (229,'MOB',1,1,'JSS',11,'2014-08-23 19:00:00');
Insert into Rencontre (NumeroRencontre,EquipeA,ButsEquipeA,ButsEquipeB,EquipeB,Stade,DateRencontre) values (230,'RCA',0,1,'CSC',12,'2014-08-23 17:00:00');
Insert into Rencontre (NumeroRencontre,EquipeA,ButsEquipeA,ButsEquipeB,EquipeB,Stade,DateRencontre) values (231,'USMH',2,1,'MCEE',14,'2014-08-23 17:00:00');
Insert into Rencontre (NumeroRencontre,EquipeA,ButsEquipeA,ButsEquipeB,EquipeB,Stade,DateRencontre) values (232,'ESS',0,0,'USMBA',4,'2014-09-06 19:00:00');
Insert into Rencontre (NumeroRencontre,EquipeA,ButsEquipeA,ButsEquipeB,EquipeB,Stade,DateRencontre) values (233,'ASOC',0,0,'JSS',2,'2014-08-16 16:00:00');
Insert into Rencontre (NumeroRencontre,EquipeA,ButsEquipeA,ButsEquipeB,EquipeB,Stade,DateRencontre) values (234,'CSC',3,1,'CRB',16,'2014-08-16 17:00:00');
Insert into Rencontre (NumeroRencontre,EquipeA,ButsEquipeA,ButsEquipeB,EquipeB,Stade,DateRencontre) values (235,'MCEE',2,1,'MCA',9,'2014-08-16 17:00:00');
Insert into Rencontre (NumeroRencontre,EquipeA,ButsEquipeA,ButsEquipeB,EquipeB,Stade,DateRencontre) values (236,'MCO',0,2,'JSK',1,'2014-08-16 17:00:00');
Insert into Rencontre (NumeroRencontre,EquipeA,ButsEquipeA,ButsEquipeB,EquipeB,Stade,DateRencontre) values (237,'USMA',1,1,'ESS',8,'2014-08-16 17:45:00');
Insert into Rencontre (NumeroRencontre,EquipeA,ButsEquipeA,ButsEquipeB,EquipeB,Stade,DateRencontre) values (238,'USMBA',1,1,'ASMO',13,'2014-08-16 17:00:00');
Insert into Rencontre (NumeroRencontre,EquipeA,ButsEquipeA,ButsEquipeB,EquipeB,Stade,DateRencontre) values (239,'USMH',0,1,'RCA',15,'2014-08-16 19:00:00');
Insert into Rencontre (NumeroRencontre,EquipeA,ButsEquipeA,ButsEquipeB,EquipeB,Stade,DateRencontre) values (240,'NAHD',0,2,'MOB',8,'2014-08-15 17:00:00');

/* Marquer */

Insert into Marquer (Rencontre,Equipe,NumeroJoueur,MinuteBut) values (1,'CSC',14,9);
Insert into Marquer (Rencontre,Equipe,NumeroJoueur,MinuteBut) values (1,'CSC',13,14);
Insert into Marquer (Rencontre,Equipe,NumeroJoueur,MinuteBut) values (1,'JSK',5,21);
Insert into Marquer (Rencontre,Equipe,NumeroJoueur,MinuteBut) values (2,'MCEE',13,42);
Insert into Marquer (Rencontre,Equipe,NumeroJoueur,MinuteBut) values (2,'MCEE',10,65);
Insert into Marquer (Rencontre,Equipe,NumeroJoueur,MinuteBut) values (3,'NAHD',30,60);
Insert into Marquer (Rencontre,Equipe,NumeroJoueur,MinuteBut) values (4,'MCO',23,10);
Insert into Marquer (Rencontre,Equipe,NumeroJoueur,MinuteBut) values (4,'MCO',4,28);
Insert into Marquer (Rencontre,Equipe,NumeroJoueur,MinuteBut) values (4,'ESS',23,31);
Insert into Marquer (Rencontre,Equipe,NumeroJoueur,MinuteBut) values (5,'RCA',26,48);
Insert into Marquer (Rencontre,Equipe,NumeroJoueur,MinuteBut) values (5,'RCA',20,69);
Insert into Marquer (Rencontre,Equipe,NumeroJoueur,MinuteBut) values (5,'MCA',23,91);
Insert into Marquer (Rencontre,Equipe,NumeroJoueur,MinuteBut) values (6,'USMA',10,9);
Insert into Marquer (Rencontre,Equipe,NumeroJoueur,MinuteBut) values (6,'USMA',15,22);
Insert into Marquer (Rencontre,Equipe,NumeroJoueur,MinuteBut) values (6,'USMA',23,45);
Insert into Marquer (Rencontre,Equipe,NumeroJoueur,MinuteBut) values (6,'ASOC',24,65);
Insert into Marquer (Rencontre,Equipe,NumeroJoueur,MinuteBut) values (7,'USMBA',1,26);
Insert into Marquer (Rencontre,Equipe,NumeroJoueur,MinuteBut) values (7,'MOB',10,19);
Insert into Marquer (Rencontre,Equipe,NumeroJoueur,MinuteBut) values (7,'MOB',28,74);
Insert into Marquer (Rencontre,Equipe,NumeroJoueur,MinuteBut) values (7,'USMBA',2,75);
Insert into Marquer (Rencontre,Equipe,NumeroJoueur,MinuteBut) values (8,'USMH',15,41);
Insert into Marquer (Rencontre,Equipe,NumeroJoueur,MinuteBut) values (8,'USMH',23,47);
Insert into Marquer (Rencontre,Equipe,NumeroJoueur,MinuteBut) values (8,'CRB',8,93);
Insert into Marquer (Rencontre,Equipe,NumeroJoueur,MinuteBut) values (9,'ASMO',14,54);
Insert into Marquer (Rencontre,Equipe,NumeroJoueur,MinuteBut) values (11,'CRB',27,70);
Insert into Marquer (Rencontre,Equipe,NumeroJoueur,MinuteBut) values (11,'RCA',26,90);
Insert into Marquer (Rencontre,Equipe,NumeroJoueur,MinuteBut) values (12,'ESS',11,32);
Insert into Marquer (Rencontre,Equipe,NumeroJoueur,MinuteBut) values (12,'ESS',19,44);
Insert into Marquer (Rencontre,Equipe,NumeroJoueur,MinuteBut) values (13,'JSK',13,79);
Insert into Marquer (Rencontre,Equipe,NumeroJoueur,MinuteBut) values (14,'JSS',4,75);
Insert into Marquer (Rencontre,Equipe,NumeroJoueur,MinuteBut) values (15,'MCA',18,48);
Insert into Marquer (Rencontre,Equipe,NumeroJoueur,MinuteBut) values (16,'MOB',9,2);
Insert into Marquer (Rencontre,Equipe,NumeroJoueur,MinuteBut) values (16,'MOB',9,31);
Insert into Marquer (Rencontre,Equipe,NumeroJoueur,MinuteBut) values (16,'MOB',32,66);
Insert into Marquer (Rencontre,Equipe,NumeroJoueur,MinuteBut) values (16,'MCEE',2,40);
Insert into Marquer (Rencontre,Equipe,NumeroJoueur,MinuteBut) values (16,'MCEE',21,46);
Insert into Marquer (Rencontre,Equipe,NumeroJoueur,MinuteBut) values (18,'USMH',3,48);
Insert into Marquer (Rencontre,Equipe,NumeroJoueur,MinuteBut) values (18,'NAHD',31,26);
Insert into Marquer (Rencontre,Equipe,NumeroJoueur,MinuteBut) values (18,'NAHD',30,57);
Insert into Marquer (Rencontre,Equipe,NumeroJoueur,MinuteBut) values (19,'MCA',8,79);
Insert into Marquer (Rencontre,Equipe,NumeroJoueur,MinuteBut) values (19,'CSC',14,52);
Insert into Marquer (Rencontre,Equipe,NumeroJoueur,MinuteBut) values (23,'MOB',32,61);
Insert into Marquer (Rencontre,Equipe,NumeroJoueur,MinuteBut) values (23,'USMA',12,28);
Insert into Marquer (Rencontre,Equipe,NumeroJoueur,MinuteBut) values (25,'CSC',11,11);
Insert into Marquer (Rencontre,Equipe,NumeroJoueur,MinuteBut) values (26,'MCA',18,63);
Insert into Marquer (Rencontre,Equipe,NumeroJoueur,MinuteBut) values (27,'USMH',9,30);
Insert into Marquer (Rencontre,Equipe,NumeroJoueur,MinuteBut) values (28,'CSC',15,15);
Insert into Marquer (Rencontre,Equipe,NumeroJoueur,MinuteBut) values (29,'ASOC',19,21);
Insert into Marquer (Rencontre,Equipe,NumeroJoueur,MinuteBut) values (29,'ASOC',8, 54);
Insert into Marquer (Rencontre,Equipe,NumeroJoueur,MinuteBut) values (29,'MCEE',10,80);
Insert into Marquer (Rencontre,Equipe,NumeroJoueur,MinuteBut) values (30,'ESS',11,51);
Insert into Marquer (Rencontre,Equipe,NumeroJoueur,MinuteBut) values (30,'ESS',57,81);
Insert into Marquer (Rencontre,Equipe,NumeroJoueur,MinuteBut) values (30,'RCA',26,71);
Insert into Marquer (Rencontre,Equipe,NumeroJoueur,MinuteBut) values (31,'NAHD',25,70);
Insert into Marquer (Rencontre,Equipe,NumeroJoueur,MinuteBut) values (32,'CRB',7, 44);
Insert into Marquer (Rencontre,Equipe,NumeroJoueur,MinuteBut) values (33,'JSS',19,5);
Insert into Marquer (Rencontre,Equipe,NumeroJoueur,MinuteBut) values (33,'JSS',25,63);
Insert into Marquer (Rencontre,Equipe,NumeroJoueur,MinuteBut) values (33,'JSS',8,73);
Insert into Marquer (Rencontre,Equipe,NumeroJoueur,MinuteBut) values (33,'USMA',13,9);
Insert into Marquer (Rencontre,Equipe,NumeroJoueur,MinuteBut) values (33,'USMA',34,67);
Insert into Marquer (Rencontre,Equipe,NumeroJoueur,MinuteBut) values (34,'MCA',24,58);
Insert into Marquer (Rencontre,Equipe,NumeroJoueur,MinuteBut) values (34,'USMH',8,68);
Insert into Marquer (Rencontre,Equipe,NumeroJoueur,MinuteBut) values (36,'CRB',12,23);
Insert into Marquer (Rencontre,Equipe,NumeroJoueur,MinuteBut) values (36,'CRB',15,90);
Insert into Marquer (Rencontre,Equipe,NumeroJoueur,MinuteBut) values (36,'ASMO',14,42);
Insert into Marquer (Rencontre,Equipe,NumeroJoueur,MinuteBut) values (38,'ASOC',25,21);
Insert into Marquer (Rencontre,Equipe,NumeroJoueur,MinuteBut) values (38,'ASOC',25,51);
Insert into Marquer (Rencontre,Equipe,NumeroJoueur,MinuteBut) values (39,'NAHD',28,43);
Insert into Marquer (Rencontre,Equipe,NumeroJoueur,MinuteBut) values (40,'JSS',7,7);
Insert into Marquer (Rencontre,Equipe,NumeroJoueur,MinuteBut) values (40,'JSS',8,48);
Insert into Marquer (Rencontre,Equipe,NumeroJoueur,MinuteBut) values (40,'JSK',7,35);
Insert into Marquer (Rencontre,Equipe,NumeroJoueur,MinuteBut) values (41,'MOB',9,7);
Insert into Marquer (Rencontre,Equipe,NumeroJoueur,MinuteBut) values (41,'MOB',32,31);
Insert into Marquer (Rencontre,Equipe,NumeroJoueur,MinuteBut) values (41,'MOB',32,65);
Insert into Marquer (Rencontre,Equipe,NumeroJoueur,MinuteBut) values (42,'CSC',9,28);
Insert into Marquer (Rencontre,Equipe,NumeroJoueur,MinuteBut) values (43,'MCEE',13,74);
Insert into Marquer (Rencontre,Equipe,NumeroJoueur,MinuteBut) values (44,'JSK',5,63);
Insert into Marquer (Rencontre,Equipe,NumeroJoueur,MinuteBut) values (44,'JSK',5,74);
Insert into Marquer (Rencontre,Equipe,NumeroJoueur,MinuteBut) values (44,'MOB',70,36);
Insert into Marquer (Rencontre,Equipe,NumeroJoueur,MinuteBut) values (45,'MCO',2,8);
Insert into Marquer (Rencontre,Equipe,NumeroJoueur,MinuteBut) values (46,'NAHD',26,28);
Insert into Marquer (Rencontre,Equipe,NumeroJoueur,MinuteBut) values (47,'USMH',23,55);
Insert into Marquer (Rencontre,Equipe,NumeroJoueur,MinuteBut) values (48,'ASMO',5,6);
Insert into Marquer (Rencontre,Equipe,NumeroJoueur,MinuteBut) values (48,'ASMO',11,21);
Insert into Marquer (Rencontre,Equipe,NumeroJoueur,MinuteBut) values (48,'ASMO',22,79);
Insert into Marquer (Rencontre,Equipe,NumeroJoueur,MinuteBut) values (48,'RCA',14,47);
Insert into Marquer (Rencontre,Equipe,NumeroJoueur,MinuteBut) values (48,'ASMO',5,92);
Insert into Marquer (Rencontre,Equipe,NumeroJoueur,MinuteBut) values (49,'ASOC',15,8);
Insert into Marquer (Rencontre,Equipe,NumeroJoueur,MinuteBut) values (49,'ASOC',13,37);
Insert into Marquer (Rencontre,Equipe,NumeroJoueur,MinuteBut) values (49,'ASOC',19,50);
Insert into Marquer (Rencontre,Equipe,NumeroJoueur,MinuteBut) values (50,'ESS',11,66);
Insert into Marquer (Rencontre,Equipe,NumeroJoueur,MinuteBut) values (51,'MCEE',29,37);
Insert into Marquer (Rencontre,Equipe,NumeroJoueur,MinuteBut) values (51,'MCEE',12,75);
Insert into Marquer (Rencontre,Equipe,NumeroJoueur,MinuteBut) values (51,'NAHD',24,86);
Insert into Marquer (Rencontre,Equipe,NumeroJoueur,MinuteBut) values (52,'USMBA',16,63);
Insert into Marquer (Rencontre,Equipe,NumeroJoueur,MinuteBut) values (53,'CSC',9,43);
Insert into Marquer (Rencontre,Equipe,NumeroJoueur,MinuteBut) values (53,'JSS',19,48);
Insert into Marquer (Rencontre,Equipe,NumeroJoueur,MinuteBut) values (54,'MCA',18,60);
Insert into Marquer (Rencontre,Equipe,NumeroJoueur,MinuteBut) values (54,'MCA',5,72);
Insert into Marquer (Rencontre,Equipe,NumeroJoueur,MinuteBut) values (54,'MCA',11,75);
Insert into Marquer (Rencontre,Equipe,NumeroJoueur,MinuteBut) values (55,'USMH',6,93);
Insert into Marquer (Rencontre,Equipe,NumeroJoueur,MinuteBut) values (56,'CRB',25,45);
Insert into Marquer (Rencontre,Equipe,NumeroJoueur,MinuteBut) values (56,'JSS',21,54);
Insert into Marquer (Rencontre,Equipe,NumeroJoueur,MinuteBut) values (57,'ASOC',8,79);
Insert into Marquer (Rencontre,Equipe,NumeroJoueur,MinuteBut) values (58,'JSK',3,10);
Insert into Marquer (Rencontre,Equipe,NumeroJoueur,MinuteBut) values (58,'MCA',12,29);
Insert into Marquer (Rencontre,Equipe,NumeroJoueur,MinuteBut) values (58,'MCA',17,40);
Insert into Marquer (Rencontre,Equipe,NumeroJoueur,MinuteBut) values (60,'RCA',21,90);
Insert into Marquer (Rencontre,Equipe,NumeroJoueur,MinuteBut) values (61,'USMH',15,20);
Insert into Marquer (Rencontre,Equipe,NumeroJoueur,MinuteBut) values (61,'USMH',18,32);
Insert into Marquer (Rencontre,Equipe,NumeroJoueur,MinuteBut) values (61,'USMH',9,89);
Insert into Marquer (Rencontre,Equipe,NumeroJoueur,MinuteBut) values (61,'ASMO',22,15);
Insert into Marquer (Rencontre,Equipe,NumeroJoueur,MinuteBut) values (61,'ASMO',22,37);
Insert into Marquer (Rencontre,Equipe,NumeroJoueur,MinuteBut) values (61,'ASMO',10,52);
Insert into Marquer (Rencontre,Equipe,NumeroJoueur,MinuteBut) values (62,'CSC',9,30);
Insert into Marquer (Rencontre,Equipe,NumeroJoueur,MinuteBut) values (62,'CSC',99,40);
Insert into Marquer (Rencontre,Equipe,NumeroJoueur,MinuteBut) values (62,'NAHD',28,11);
Insert into Marquer (Rencontre,Equipe,NumeroJoueur,MinuteBut) values (62,'NAHD',29,88);
Insert into Marquer (Rencontre,Equipe,NumeroJoueur,MinuteBut) values (63,'USMA',2,95);
Insert into Marquer (Rencontre,Equipe,NumeroJoueur,MinuteBut) values (63,'MCEE',33,28);
Insert into Marquer (Rencontre,Equipe,NumeroJoueur,MinuteBut) values (64,'JSK',14,17);
Insert into Marquer (Rencontre,Equipe,NumeroJoueur,MinuteBut) values (64,'JSK',5,52);
Insert into Marquer (Rencontre,Equipe,NumeroJoueur,MinuteBut) values (64,'JSK',14,94);
Insert into Marquer (Rencontre,Equipe,NumeroJoueur,MinuteBut) values (64,'ASMO',12,61);
Insert into Marquer (Rencontre,Equipe,NumeroJoueur,MinuteBut) values (64,'ASMO',12,70);
Insert into Marquer (Rencontre,Equipe,NumeroJoueur,MinuteBut) values (65,'USMA',10,56);
Insert into Marquer (Rencontre,Equipe,NumeroJoueur,MinuteBut) values (66,'JSS',18,19);
Insert into Marquer (Rencontre,Equipe,NumeroJoueur,MinuteBut) values (66,'RCA',26,63);
Insert into Marquer (Rencontre,Equipe,NumeroJoueur,MinuteBut) values (66,'JSS',9,78);
Insert into Marquer (Rencontre,Equipe,NumeroJoueur,MinuteBut) values (67,'MCA',11,48);
Insert into Marquer (Rencontre,Equipe,NumeroJoueur,MinuteBut) values (68,'MOB',18,2);
Insert into Marquer (Rencontre,Equipe,NumeroJoueur,MinuteBut) values (68,'MOB',32,40);
Insert into Marquer (Rencontre,Equipe,NumeroJoueur,MinuteBut) values (68,'CRB',7,43);
Insert into Marquer (Rencontre,Equipe,NumeroJoueur,MinuteBut) values (68,'CRB',22,78);
Insert into Marquer (Rencontre,Equipe,NumeroJoueur,MinuteBut) values (69,'ASOC',8,45);
Insert into Marquer (Rencontre,Equipe,NumeroJoueur,MinuteBut) values (69,'ASOC',8,56);
Insert into Marquer (Rencontre,Equipe,NumeroJoueur,MinuteBut) values (69,'USMH',3,76);
Insert into Marquer (Rencontre,Equipe,NumeroJoueur,MinuteBut) values (70,'MCO',2,74);
Insert into Marquer (Rencontre,Equipe,NumeroJoueur,MinuteBut) values (71,'USMBA',17,15);
Insert into Marquer (Rencontre,Equipe,NumeroJoueur,MinuteBut) values (71,'USMBA',17,67);
Insert into Marquer (Rencontre,Equipe,NumeroJoueur,MinuteBut) values (73,'ESS',5,27);
Insert into Marquer (Rencontre,Equipe,NumeroJoueur,MinuteBut) values (73,'ESS',5,60);
Insert into Marquer (Rencontre,Equipe,NumeroJoueur,MinuteBut) values (73,'ESS',5,67);
Insert into Marquer (Rencontre,Equipe,NumeroJoueur,MinuteBut) values (73,'ESS',34,87);
Insert into Marquer (Rencontre,Equipe,NumeroJoueur,MinuteBut) values (73,'ESS',91,90);
Insert into Marquer (Rencontre,Equipe,NumeroJoueur,MinuteBut) values (73,'ASMO',10,24);
Insert into Marquer (Rencontre,Equipe,NumeroJoueur,MinuteBut) values (73,'ASMO',4,82);
Insert into Marquer (Rencontre,Equipe,NumeroJoueur,MinuteBut) values (74,'JSK',87,88);
Insert into Marquer (Rencontre,Equipe,NumeroJoueur,MinuteBut) values (76,'RCA',29,1);
Insert into Marquer (Rencontre,Equipe,NumeroJoueur,MinuteBut) values (76,'RCA',26,81);
Insert into Marquer (Rencontre,Equipe,NumeroJoueur,MinuteBut) values (76,'RCA',30,90);
Insert into Marquer (Rencontre,Equipe,NumeroJoueur,MinuteBut) values (76,'ASOC',26,90);
Insert into Marquer (Rencontre,Equipe,NumeroJoueur,MinuteBut) values (77,'ASMO',14,5);
Insert into Marquer (Rencontre,Equipe,NumeroJoueur,MinuteBut) values (77,'ASMO',12,12);
Insert into Marquer (Rencontre,Equipe,NumeroJoueur,MinuteBut) values (77,'MCA',17,50);
Insert into Marquer (Rencontre,Equipe,NumeroJoueur,MinuteBut) values (78,'MCEE',21,27);
Insert into Marquer (Rencontre,Equipe,NumeroJoueur,MinuteBut) values (78,'MCEE',13,31);
Insert into Marquer (Rencontre,Equipe,NumeroJoueur,MinuteBut) values (79,'USMA',25,30);
Insert into Marquer (Rencontre,Equipe,NumeroJoueur,MinuteBut) values (79,'USMA',10,34);
Insert into Marquer (Rencontre,Equipe,NumeroJoueur,MinuteBut) values (80,'USMBA',12,2);
Insert into Marquer (Rencontre,Equipe,NumeroJoueur,MinuteBut) values (80,'USMBA',25,19);
Insert into Marquer (Rencontre,Equipe,NumeroJoueur,MinuteBut) values (80,'USMH',23,57);
Insert into Marquer (Rencontre,Equipe,NumeroJoueur,MinuteBut) values (81,'ASMO',12,75);
Insert into Marquer (Rencontre,Equipe,NumeroJoueur,MinuteBut) values (81,'ASMO',16,90);
Insert into Marquer (Rencontre,Equipe,NumeroJoueur,MinuteBut) values (82,'CRB',27,37);
Insert into Marquer (Rencontre,Equipe,NumeroJoueur,MinuteBut) values (83,'MCA',18,29);
Insert into Marquer (Rencontre,Equipe,NumeroJoueur,MinuteBut) values (86,'ESS',9,25);
Insert into Marquer (Rencontre,Equipe,NumeroJoueur,MinuteBut) values (86,'ESS',9,61);
Insert into Marquer (Rencontre,Equipe,NumeroJoueur,MinuteBut) values (86,'ESS',9,86);
Insert into Marquer (Rencontre,Equipe,NumeroJoueur,MinuteBut) values (87,'RCA',24,21);
Insert into Marquer (Rencontre,Equipe,NumeroJoueur,MinuteBut) values (87,'RCA',18,86);
Insert into Marquer (Rencontre,Equipe,NumeroJoueur,MinuteBut) values (88,'JSK',3,49);
Insert into Marquer (Rencontre,Equipe,NumeroJoueur,MinuteBut) values (89,'ASOC',8,14);
Insert into Marquer (Rencontre,Equipe,NumeroJoueur,MinuteBut) values (89,'JSK',10,11);
Insert into Marquer (Rencontre,Equipe,NumeroJoueur,MinuteBut) values (90,'MCEE',2,53);
Insert into Marquer (Rencontre,Equipe,NumeroJoueur,MinuteBut) values (90,'MCEE',33,62);
Insert into Marquer (Rencontre,Equipe,NumeroJoueur,MinuteBut) values (90,'MCEE',13,73);
Insert into Marquer (Rencontre,Equipe,NumeroJoueur,MinuteBut) values (92,'JSS',19,7);
Insert into Marquer (Rencontre,Equipe,NumeroJoueur,MinuteBut) values (92,'JSS',21,51);
Insert into Marquer (Rencontre,Equipe,NumeroJoueur,MinuteBut) values (92,'MCA',11,81);
Insert into Marquer (Rencontre,Equipe,NumeroJoueur,MinuteBut) values (93,'MOB',9,11);
Insert into Marquer (Rencontre,Equipe,NumeroJoueur,MinuteBut) values (94,'USMA',10,5);
Insert into Marquer (Rencontre,Equipe,NumeroJoueur,MinuteBut) values (94,'USMA',30,22);
Insert into Marquer (Rencontre,Equipe,NumeroJoueur,MinuteBut) values (94,'USMA',7,77);
Insert into Marquer (Rencontre,Equipe,NumeroJoueur,MinuteBut) values (94,'USMA',24,84);
Insert into Marquer (Rencontre,Equipe,NumeroJoueur,MinuteBut) values (94,'USMA',35,90);
Insert into Marquer (Rencontre,Equipe,NumeroJoueur,MinuteBut) values (94,'RCA',16,52);
Insert into Marquer (Rencontre,Equipe,NumeroJoueur,MinuteBut) values (95,'MCO',7,46);
Insert into Marquer (Rencontre,Equipe,NumeroJoueur,MinuteBut) values (96,'CRB',19,2);
Insert into Marquer (Rencontre,Equipe,NumeroJoueur,MinuteBut) values (97,'ASMO',21,25);
Insert into Marquer (Rencontre,Equipe,NumeroJoueur,MinuteBut) values (98,'ESS',57,13);
Insert into Marquer (Rencontre,Equipe,NumeroJoueur,MinuteBut) values (98,'MCEE',13,43);
Insert into Marquer (Rencontre,Equipe,NumeroJoueur,MinuteBut) values (99,'USMBA',20,90);
Insert into Marquer (Rencontre,Equipe,NumeroJoueur,MinuteBut) values (100,'MCA',8,40);
Insert into Marquer (Rencontre,Equipe,NumeroJoueur,MinuteBut) values (102,'RCA',18,75);
Insert into Marquer (Rencontre,Equipe,NumeroJoueur,MinuteBut) values (103,'USMH',1,74);
Insert into Marquer (Rencontre,Equipe,NumeroJoueur,MinuteBut) values (104,'CRB',6,21);
Insert into Marquer (Rencontre,Equipe,NumeroJoueur,MinuteBut) values (104,'CRB',13,67);
Insert into Marquer (Rencontre,Equipe,NumeroJoueur,MinuteBut) values (104,'USMA',10,87);
Insert into Marquer (Rencontre,Equipe,NumeroJoueur,MinuteBut) values (106,'CSC',14,52);
Insert into Marquer (Rencontre,Equipe,NumeroJoueur,MinuteBut) values (106,'CSC',14,61);
Insert into Marquer (Rencontre,Equipe,NumeroJoueur,MinuteBut) values (107,'MCEE',15,24);
Insert into Marquer (Rencontre,Equipe,NumeroJoueur,MinuteBut) values (107,'MCEE',13,45);
Insert into Marquer (Rencontre,Equipe,NumeroJoueur,MinuteBut) values (107,'MCEE',33,55);
Insert into Marquer (Rencontre,Equipe,NumeroJoueur,MinuteBut) values (107,'MCEE',12,93); 
Insert into Marquer (Rencontre,Equipe,NumeroJoueur,MinuteBut) values (108,'NAHD',22,13);
Insert into Marquer (Rencontre,Equipe,NumeroJoueur,MinuteBut) values (108,'NAHD',26,53); 
Insert into Marquer (Rencontre,Equipe,NumeroJoueur,MinuteBut) values (109,'MOB',7,94);
Insert into Marquer (Rencontre,Equipe,NumeroJoueur,MinuteBut) values (111,'USMA',9,47);
Insert into Marquer (Rencontre,Equipe,NumeroJoueur,MinuteBut) values (111,'JSK',18,83);
Insert into Marquer (Rencontre,Equipe,NumeroJoueur,MinuteBut) values (112,'USMBA',20,69);
Insert into Marquer (Rencontre,Equipe,NumeroJoueur,MinuteBut) values (112,'ESS',5,51);
Insert into Marquer (Rencontre,Equipe,NumeroJoueur,MinuteBut) values (112,'ESS',5,55);
Insert into Marquer (Rencontre,Equipe,NumeroJoueur,MinuteBut) values (113,'ASMO',3,17);
Insert into Marquer (Rencontre,Equipe,NumeroJoueur,MinuteBut) values (113,'ASMO',14,46);
Insert into Marquer (Rencontre,Equipe,NumeroJoueur,MinuteBut) values (113,'USMBA',3,94);
Insert into Marquer (Rencontre,Equipe,NumeroJoueur,MinuteBut) values (114,'CRB',9,55);
Insert into Marquer (Rencontre,Equipe,NumeroJoueur,MinuteBut) values (114,'CSC',20,17);
Insert into Marquer (Rencontre,Equipe,NumeroJoueur,MinuteBut) values (115,'ESS',8,28);
Insert into Marquer (Rencontre,Equipe,NumeroJoueur,MinuteBut) values (115,'ESS',8,52);
Insert into Marquer (Rencontre,Equipe,NumeroJoueur,MinuteBut) values (115,'ESS',25,63);
Insert into Marquer (Rencontre,Equipe,NumeroJoueur,MinuteBut) values (115,'USMA',9,44);
Insert into Marquer (Rencontre,Equipe,NumeroJoueur,MinuteBut) values (115,'USMA',21,80);
Insert into Marquer (Rencontre,Equipe,NumeroJoueur,MinuteBut) values (116,'MCO',11,25);
Insert into Marquer (Rencontre,Equipe,NumeroJoueur,MinuteBut) values (118,'MCA',9,27);
Insert into Marquer (Rencontre,Equipe,NumeroJoueur,MinuteBut) values (118,'MCA',8,52);
Insert into Marquer (Rencontre,Equipe,NumeroJoueur,MinuteBut) values (118,'MCA',12,58);
Insert into Marquer (Rencontre,Equipe,NumeroJoueur,MinuteBut) values (118,'MCA',12,79);
Insert into Marquer (Rencontre,Equipe,NumeroJoueur,MinuteBut) values (120,"RCA",26,76);
Insert into Marquer (Rencontre,Equipe,NumeroJoueur,MinuteBut) values (121,'ASMO',5,88);
Insert into Marquer (Rencontre,Equipe,NumeroJoueur,MinuteBut) values (123,'CRB',4,67);
Insert into Marquer (Rencontre,Equipe,NumeroJoueur,MinuteBut) values (124,'JSS',20,58);
Insert into Marquer (Rencontre,Equipe,NumeroJoueur,MinuteBut) values (125,'RCA',14,28);
Insert into Marquer (Rencontre,Equipe,NumeroJoueur,MinuteBut) values (125,'RCA',11,33);
Insert into Marquer (Rencontre,Equipe,NumeroJoueur,MinuteBut) values (126,'MOB',3,4);
Insert into Marquer (Rencontre,Equipe,NumeroJoueur,MinuteBut) values (127,'ESS',25,90);
Insert into Marquer (Rencontre,Equipe,NumeroJoueur,MinuteBut) values (127,'MCO',11,55);
Insert into Marquer (Rencontre,Equipe,NumeroJoueur,MinuteBut) values (127,'MCO',18,74);
Insert into Marquer (Rencontre,Equipe,NumeroJoueur,MinuteBut) values (128,'JSK',34,19);
Insert into Marquer (Rencontre,Equipe,NumeroJoueur,MinuteBut) values (128,'CSC',14,37);
Insert into Marquer (Rencontre,Equipe,NumeroJoueur,MinuteBut) values (128,'JSK',13,84);
Insert into Marquer (Rencontre,Equipe,NumeroJoueur,MinuteBut) values (129,'ESS',10,19);
Insert into Marquer (Rencontre,Equipe,NumeroJoueur,MinuteBut) values (129,'CSC',99,38);
Insert into Marquer (Rencontre,Equipe,NumeroJoueur,MinuteBut) values (129,'ESS',8,78);
Insert into Marquer (Rencontre,Equipe,NumeroJoueur,MinuteBut) values (130,'MCEE',33,72);
Insert into Marquer (Rencontre,Equipe,NumeroJoueur,MinuteBut) values (130,'MOB',11,75);
Insert into Marquer (Rencontre,Equipe,NumeroJoueur,MinuteBut) values (130,'MOB',76,93);
Insert into Marquer (Rencontre,Equipe,NumeroJoueur,MinuteBut) values (131,'MCO',12,2);
Insert into Marquer (Rencontre,Equipe,NumeroJoueur,MinuteBut) values (131,'MCA',18,90);
Insert into Marquer (Rencontre,Equipe,NumeroJoueur,MinuteBut) values (132,'RCA',20,11);
Insert into Marquer (Rencontre,Equipe,NumeroJoueur,MinuteBut) values (132,'RCA',26,46);
Insert into Marquer (Rencontre,Equipe,NumeroJoueur,MinuteBut) values (133,'JSS',21,7);
Insert into Marquer (Rencontre,Equipe,NumeroJoueur,MinuteBut) values (133,'USMBA',3,38);
Insert into Marquer (Rencontre,Equipe,NumeroJoueur,MinuteBut) values (135,'NAHD',7,92);
Insert into Marquer (Rencontre,Equipe,NumeroJoueur,MinuteBut) values (136,'ASMO',22,57);
Insert into Marquer (Rencontre,Equipe,NumeroJoueur,MinuteBut) values (136,'ASMO',21,61);
Insert into Marquer (Rencontre,Equipe,NumeroJoueur,MinuteBut) values (136,'USMA',9,63);
Insert into Marquer (Rencontre,Equipe,NumeroJoueur,MinuteBut) values (138,'USMBA',23,22);
Insert into Marquer (Rencontre,Equipe,NumeroJoueur,MinuteBut) values (138,'ASOC',17,69);
Insert into Marquer (Rencontre,Equipe,NumeroJoueur,MinuteBut) values (139,'ESS',11,85);
Insert into Marquer (Rencontre,Equipe,NumeroJoueur,MinuteBut) values (140,'JSS',18,47);
Insert into Marquer (Rencontre,Equipe,NumeroJoueur,MinuteBut) values (142,'USMA',30,36);
Insert into Marquer (Rencontre,Equipe,NumeroJoueur,MinuteBut) values (143,'NAHD',27,25);
Insert into Marquer (Rencontre,Equipe,NumeroJoueur,MinuteBut) values (143,'USMH',9,12);
Insert into Marquer (Rencontre,Equipe,NumeroJoueur,MinuteBut) values (143,'USMH',1,63);
Insert into Marquer (Rencontre,Equipe,NumeroJoueur,MinuteBut) values (144,'JSK',5,35);
Insert into Marquer (Rencontre,Equipe,NumeroJoueur,MinuteBut) values (144,'JSK',7,68);
Insert into Marquer (Rencontre,Equipe,NumeroJoueur,MinuteBut) values (144,'RCA',26,45);
Insert into Marquer (Rencontre,Equipe,NumeroJoueur,MinuteBut) values (145,'CRB',20,27);
Insert into Marquer (Rencontre,Equipe,NumeroJoueur,MinuteBut) values (145,'CRB',20,67);
Insert into Marquer (Rencontre,Equipe,NumeroJoueur,MinuteBut) values (145,'JSK',5,72);
Insert into Marquer (Rencontre,Equipe,NumeroJoueur,MinuteBut) values (146,'CSC',14,11);
Insert into Marquer (Rencontre,Equipe,NumeroJoueur,MinuteBut) values (147,'MCEE',15,39);
Insert into Marquer (Rencontre,Equipe,NumeroJoueur,MinuteBut) values (147,'MCEE',33,63);
Insert into Marquer (Rencontre,Equipe,NumeroJoueur,MinuteBut) values (147,'ASOC',21,90);
Insert into Marquer (Rencontre,Equipe,NumeroJoueur,MinuteBut) values (148,'MCO',17,47);
Insert into Marquer (Rencontre,Equipe,NumeroJoueur,MinuteBut) values (148,'MOB',32,25);
Insert into Marquer (Rencontre,Equipe,NumeroJoueur,MinuteBut) values (149,'RCA',24,78);
Insert into Marquer (Rencontre,Equipe,NumeroJoueur,MinuteBut) values (149,'ESS',27,85);
Insert into Marquer (Rencontre,Equipe,NumeroJoueur,MinuteBut) values (150,'USMA',28,46);
Insert into Marquer (Rencontre,Equipe,NumeroJoueur,MinuteBut) values (150,'USMA',10,48);
Insert into Marquer (Rencontre,Equipe,NumeroJoueur,MinuteBut) values (150,'USMA',22,92);
Insert into Marquer (Rencontre,Equipe,NumeroJoueur,MinuteBut) values (150,'JSS',17,77);
Insert into Marquer (Rencontre,Equipe,NumeroJoueur,MinuteBut) values (152,'USMH',1,72);
Insert into Marquer (Rencontre,Equipe,NumeroJoueur,MinuteBut) values (154,'CSC',10,21);
Insert into Marquer (Rencontre,Equipe,NumeroJoueur,MinuteBut) values (154,'CSC',11,63);
Insert into Marquer (Rencontre,Equipe,NumeroJoueur,MinuteBut) values (154,'CSC',99,73);
Insert into Marquer (Rencontre,Equipe,NumeroJoueur,MinuteBut) values (155,'ESS',10,6);
Insert into Marquer (Rencontre,Equipe,NumeroJoueur,MinuteBut) values (155,'ESS',24,29);
Insert into Marquer (Rencontre,Equipe,NumeroJoueur,MinuteBut) values (156,'NAHD',22,3);
Insert into Marquer (Rencontre,Equipe,NumeroJoueur,MinuteBut) values (156,'NAHD',26,69);
Insert into Marquer (Rencontre,Equipe,NumeroJoueur,MinuteBut) values (156,'NAHD',24,89);
Insert into Marquer (Rencontre,Equipe,NumeroJoueur,MinuteBut) values (158,'USMA',28,47);
Insert into Marquer (Rencontre,Equipe,NumeroJoueur,MinuteBut) values (159,'USMBA',2,60);
Insert into Marquer (Rencontre,Equipe,NumeroJoueur,MinuteBut) values (159,'USMBA',16,88);
Insert into Marquer (Rencontre,Equipe,NumeroJoueur,MinuteBut) values (159,'MCEE',10,44);
Insert into Marquer (Rencontre,Equipe,NumeroJoueur,MinuteBut) values (160,'MOB',46,8);
Insert into Marquer (Rencontre,Equipe,NumeroJoueur,MinuteBut) values (160,'MOB',10,22);
Insert into Marquer (Rencontre,Equipe,NumeroJoueur,MinuteBut) values (160,'MOB',9,69);
Insert into Marquer (Rencontre,Equipe,NumeroJoueur,MinuteBut) values (160,'JSK',14,3);
Insert into Marquer (Rencontre,Equipe,NumeroJoueur,MinuteBut) values (161,'CRB',7,17);
Insert into Marquer (Rencontre,Equipe,NumeroJoueur,MinuteBut) values (161,'CRB',25,73);
Insert into Marquer (Rencontre,Equipe,NumeroJoueur,MinuteBut) values (163,'MCEE',13,39);
Insert into Marquer (Rencontre,Equipe,NumeroJoueur,MinuteBut) values (163,'MCEE',10,58);
Insert into Marquer (Rencontre,Equipe,NumeroJoueur,MinuteBut) values (164,'MCO',3,89);
Insert into Marquer (Rencontre,Equipe,NumeroJoueur,MinuteBut) values (165,'RCA',18,55);
Insert into Marquer (Rencontre,Equipe,NumeroJoueur,MinuteBut) values (166,'USMH',15,25);
Insert into Marquer (Rencontre,Equipe,NumeroJoueur,MinuteBut) values (166,'USMH',1,49);
Insert into Marquer (Rencontre,Equipe,NumeroJoueur,MinuteBut) values (166,'MOB',9,46);
Insert into Marquer (Rencontre,Equipe,NumeroJoueur,MinuteBut) values (167,'JSK',14,25);
Insert into Marquer (Rencontre,Equipe,NumeroJoueur,MinuteBut) values (167,'ESS',19,85);
Insert into Marquer (Rencontre,Equipe,NumeroJoueur,MinuteBut) values (168,'USMA',26,15);
Insert into Marquer (Rencontre,Equipe,NumeroJoueur,MinuteBut) values (168,'USMA',26,71);
Insert into Marquer (Rencontre,Equipe,NumeroJoueur,MinuteBut) values (169,'ASMO',22,23);
Insert into Marquer (Rencontre,Equipe,NumeroJoueur,MinuteBut) values (169,'USMH',3,36);
Insert into Marquer (Rencontre,Equipe,NumeroJoueur,MinuteBut) values (169,'USMH',19,49);
Insert into Marquer (Rencontre,Equipe,NumeroJoueur,MinuteBut) values (169,'USMH',1,89);
Insert into Marquer (Rencontre,Equipe,NumeroJoueur,MinuteBut) values (170,'JSS',8,67);
Insert into Marquer (Rencontre,Equipe,NumeroJoueur,MinuteBut) values (170,'CRB',13,70);
Insert into Marquer (Rencontre,Equipe,NumeroJoueur,MinuteBut) values (170,'CRB',25,89);
Insert into Marquer (Rencontre,Equipe,NumeroJoueur,MinuteBut) values (171,'MOB',18,13);
Insert into Marquer (Rencontre,Equipe,NumeroJoueur,MinuteBut) values (171,'MOB',10,83);
Insert into Marquer (Rencontre,Equipe,NumeroJoueur,MinuteBut) values (172,'USMBA',3,8);
Insert into Marquer (Rencontre,Equipe,NumeroJoueur,MinuteBut) values (173,'ASOC',16,20);
Insert into Marquer (Rencontre,Equipe,NumeroJoueur,MinuteBut) values (173,'ASOC',12,45);
Insert into Marquer (Rencontre,Equipe,NumeroJoueur,MinuteBut) values (173,'ESS',27,52);
Insert into Marquer (Rencontre,Equipe,NumeroJoueur,MinuteBut) values (174,'MCEE',33,34);
Insert into Marquer (Rencontre,Equipe,NumeroJoueur,MinuteBut) values (174,'USMA',23,29);
Insert into Marquer (Rencontre,Equipe,NumeroJoueur,MinuteBut) values (174,'USMA',10,66);
Insert into Marquer (Rencontre,Equipe,NumeroJoueur,MinuteBut) values (175,'NAHD',24,55);
Insert into Marquer (Rencontre,Equipe,NumeroJoueur,MinuteBut) values (175,'NAHD',24,83);
Insert into Marquer (Rencontre,Equipe,NumeroJoueur,MinuteBut) values (176,'MCA',7,12);
Insert into Marquer (Rencontre,Equipe,NumeroJoueur,MinuteBut) values (176,'MCA',8,19);
Insert into Marquer (Rencontre,Equipe,NumeroJoueur,MinuteBut) values (176,'JSK',5,22);
Insert into Marquer (Rencontre,Equipe,NumeroJoueur,MinuteBut) values (176,'JSK',18,27);
Insert into Marquer (Rencontre,Equipe,NumeroJoueur,MinuteBut) values (176,'JSK',11,44);
Insert into Marquer (Rencontre,Equipe,NumeroJoueur,MinuteBut) values (176,'JSK',14,79);
Insert into Marquer (Rencontre,Equipe,NumeroJoueur,MinuteBut) values (177,'MOB',9,4);
Insert into Marquer (Rencontre,Equipe,NumeroJoueur,MinuteBut) values (177,'MOB',11,91);
Insert into Marquer (Rencontre,Equipe,NumeroJoueur,MinuteBut) values (179,'MCO',3,19);
Insert into Marquer (Rencontre,Equipe,NumeroJoueur,MinuteBut) values (179,'MCO',18,47);
Insert into Marquer (Rencontre,Equipe,NumeroJoueur,MinuteBut) values (179,'MCEE',10,24);
Insert into Marquer (Rencontre,Equipe,NumeroJoueur,MinuteBut) values (180,'RCA',7,12);
Insert into Marquer (Rencontre,Equipe,NumeroJoueur,MinuteBut) values (180,'RCA',27,87);	
Insert into Marquer (Rencontre,Equipe,NumeroJoueur,MinuteBut) values (180,'JSS',21,11);
Insert into Marquer (Rencontre,Equipe,NumeroJoueur,MinuteBut) values (181,'ASOC',22,31);
Insert into Marquer (Rencontre,Equipe,NumeroJoueur,MinuteBut) values (182,'ESS',11,14);
Insert into Marquer (Rencontre,Equipe,NumeroJoueur,MinuteBut) values (182,'ESS',24,67);
Insert into Marquer (Rencontre,Equipe,NumeroJoueur,MinuteBut) values (182,'MCA',10,59);
Insert into Marquer (Rencontre,Equipe,NumeroJoueur,MinuteBut) values (183,'ASMO',13,44);
Insert into Marquer (Rencontre,Equipe,NumeroJoueur,MinuteBut) values (183,'ASMO',13,58);
Insert into Marquer (Rencontre,Equipe,NumeroJoueur,MinuteBut) values (185,'ASMO',21,28);
Insert into Marquer (Rencontre,Equipe,NumeroJoueur,MinuteBut) values (186,'NAHD',24,77);
Insert into Marquer (Rencontre,Equipe,NumeroJoueur,MinuteBut) values (187,'ASOC',22,13);
Insert into Marquer (Rencontre,Equipe,NumeroJoueur,MinuteBut) values (187,'ASOC',19,45);
Insert into Marquer (Rencontre,Equipe,NumeroJoueur,MinuteBut) values (188,'MCEE',13,33);
Insert into Marquer (Rencontre,Equipe,NumeroJoueur,MinuteBut) values (188,'MCEE',13,42);
Insert into Marquer (Rencontre,Equipe,NumeroJoueur,MinuteBut) values (188,'MCEE',13,79);
Insert into Marquer (Rencontre,Equipe,NumeroJoueur,MinuteBut) values (188,'JSK',13,81);
Insert into Marquer (Rencontre,Equipe,NumeroJoueur,MinuteBut) values (188,'JSK',13,85);
Insert into Marquer (Rencontre,Equipe,NumeroJoueur,MinuteBut) values (189,'JSS',18,14);
Insert into Marquer (Rencontre,Equipe,NumeroJoueur,MinuteBut) values (190,'MOB',18,45);
Insert into Marquer (Rencontre,Equipe,NumeroJoueur,MinuteBut) values (190,'MOB',99,88);
Insert into Marquer (Rencontre,Equipe,NumeroJoueur,MinuteBut) values (191,'USMA',30,16);
Insert into Marquer (Rencontre,Equipe,NumeroJoueur,MinuteBut) values (191,'MCO',23,88);
Insert into Marquer (Rencontre,Equipe,NumeroJoueur,MinuteBut) values (192,'USMBA',9,48);
Insert into Marquer (Rencontre,Equipe,NumeroJoueur,MinuteBut) values (192,'USMBA',16,94);
Insert into Marquer (Rencontre,Equipe,NumeroJoueur,MinuteBut) values (192,'MCA',21,54);
Insert into Marquer (Rencontre,Equipe,NumeroJoueur,MinuteBut) values (193,'CRB',25,36);
Insert into Marquer (Rencontre,Equipe,NumeroJoueur,MinuteBut) values (193,'CRB',20,45);
Insert into Marquer (Rencontre,Equipe,NumeroJoueur,MinuteBut) values (193,'CRB',25,65);
Insert into Marquer (Rencontre,Equipe,NumeroJoueur,MinuteBut) values (193,'ASOC',22,54);
Insert into Marquer (Rencontre,Equipe,NumeroJoueur,MinuteBut) values (193,'ASOC',19,89);
Insert into Marquer (Rencontre,Equipe,NumeroJoueur,MinuteBut) values (194,'CSC',2,12);
Insert into Marquer (Rencontre,Equipe,NumeroJoueur,MinuteBut) values (194,'CSC',88,78);
Insert into Marquer (Rencontre,Equipe,NumeroJoueur,MinuteBut) values (194,'USMA',18,94);
Insert into Marquer (Rencontre,Equipe,NumeroJoueur,MinuteBut) values (195,'MOB',18,40);
Insert into Marquer (Rencontre,Equipe,NumeroJoueur,MinuteBut) values (195,'ESS',5,88);
Insert into Marquer (Rencontre,Equipe,NumeroJoueur,MinuteBut) values (197,'MCO',18,75);
Insert into Marquer (Rencontre,Equipe,NumeroJoueur,MinuteBut) values (199,'USMH',6,34);
Insert into Marquer (Rencontre,Equipe,NumeroJoueur,MinuteBut) values (199,'USMH',1,4);
Insert into Marquer (Rencontre,Equipe,NumeroJoueur,MinuteBut) values (200,'JSS',13,87);
Insert into Marquer (Rencontre,Equipe,NumeroJoueur,MinuteBut) values (201,'ASOC',13,90);
Insert into Marquer (Rencontre,Equipe,NumeroJoueur,MinuteBut) values (201,'ASMO',10,55);
Insert into Marquer (Rencontre,Equipe,NumeroJoueur,MinuteBut) values (202,'MCEE',13,89);
Insert into Marquer (Rencontre,Equipe,NumeroJoueur,MinuteBut) values (202,'CRB',20,45);
Insert into Marquer (Rencontre,Equipe,NumeroJoueur,MinuteBut) values (202,'MCEE',21,81); 
Insert into Marquer (Rencontre,Equipe,NumeroJoueur,MinuteBut) values (202,'MCEE',13,55);
Insert into Marquer (Rencontre,Equipe,NumeroJoueur,MinuteBut) values (202,'MCEE',33,20);
Insert into Marquer (Rencontre,Equipe,NumeroJoueur,MinuteBut) values (203,'MCO',18,8);
Insert into Marquer (Rencontre,Equipe,NumeroJoueur,MinuteBut) values (203,'CSC',11,76);
Insert into Marquer (Rencontre,Equipe,NumeroJoueur,MinuteBut) values (203,'MCO',7,41);
Insert into Marquer (Rencontre,Equipe,NumeroJoueur,MinuteBut) values (204,'MOB',88,70);
Insert into Marquer (Rencontre,Equipe,NumeroJoueur,MinuteBut) values (204,'MCA',18,65);
Insert into Marquer (Rencontre,Equipe,NumeroJoueur,MinuteBut) values (204,'MOB',6,56);
Insert into Marquer (Rencontre,Equipe,NumeroJoueur,MinuteBut) values (204,'MCA',7,28);
Insert into Marquer (Rencontre,Equipe,NumeroJoueur,MinuteBut) values (205,'USMH',2,56);
Insert into Marquer (Rencontre,Equipe,NumeroJoueur,MinuteBut) values (206,'USMBA',3,40);
Insert into Marquer (Rencontre,Equipe,NumeroJoueur,MinuteBut) values (207,'NAHD',32,90);
Insert into Marquer (Rencontre,Equipe,NumeroJoueur,MinuteBut) values (207,'JSK',9,60);
Insert into Marquer (Rencontre,Equipe,NumeroJoueur,MinuteBut) values (207,'JSK',4,76);
Insert into Marquer (Rencontre,Equipe,NumeroJoueur,MinuteBut) values (208,'JSS',26,47);
Insert into Marquer (Rencontre,Equipe,NumeroJoueur,MinuteBut) values (208,'ESS',8,31);
Insert into Marquer (Rencontre,Equipe,NumeroJoueur,MinuteBut) values (208,'ESS',5,70);
Insert into Marquer (Rencontre,Equipe,NumeroJoueur,MinuteBut) values (209,'ASMO',22,81);
Insert into Marquer (Rencontre,Equipe,NumeroJoueur,MinuteBut) values (209,'ASMO',9,24);
Insert into Marquer (Rencontre,Equipe,NumeroJoueur,MinuteBut) values (210,'CRB',24,14);
Insert into Marquer (Rencontre,Equipe,NumeroJoueur,MinuteBut) values (210,'USMBA',19,62);
Insert into Marquer (Rencontre,Equipe,NumeroJoueur,MinuteBut) values (212,'MCA',21,43);
Insert into Marquer (Rencontre,Equipe,NumeroJoueur,MinuteBut) values (212,'MCA',3,82);
Insert into Marquer (Rencontre,Equipe,NumeroJoueur,MinuteBut) values (212,'JSS',25,42);
Insert into Marquer (Rencontre,Equipe,NumeroJoueur,MinuteBut) values (213,'RCA',18,3);
Insert into Marquer (Rencontre,Equipe,NumeroJoueur,MinuteBut) values (213,'RCA',26,90);
Insert into Marquer (Rencontre,Equipe,NumeroJoueur,MinuteBut) values (214,'CSC',14,26);
Insert into Marquer (Rencontre,Equipe,NumeroJoueur,MinuteBut) values (214,'CSC',13,43);
Insert into Marquer (Rencontre,Equipe,NumeroJoueur,MinuteBut) values (214,'MCEE',10,38);
Insert into Marquer (Rencontre,Equipe,NumeroJoueur,MinuteBut) values (214,'MCEE',10,56);
Insert into Marquer (Rencontre,Equipe,NumeroJoueur,MinuteBut) values (215,'USMH',18,20);
Insert into Marquer (Rencontre,Equipe,NumeroJoueur,MinuteBut) values (215,'USMH',1,66);
Insert into Marquer (Rencontre,Equipe,NumeroJoueur,MinuteBut) values (216,'ESS',11,56);
Insert into Marquer (Rencontre,Equipe,NumeroJoueur,MinuteBut) values (216,'NAHD',24,63);
Insert into Marquer (Rencontre,Equipe,NumeroJoueur,MinuteBut) values (218,'CSC',14,14);
Insert into Marquer (Rencontre,Equipe,NumeroJoueur,MinuteBut) values (218,'CSC',14,36);
Insert into Marquer (Rencontre,Equipe,NumeroJoueur,MinuteBut) values (218,'CSC',14,53);
Insert into Marquer (Rencontre,Equipe,NumeroJoueur,MinuteBut) values (218,'CSC',10,74);
Insert into Marquer (Rencontre,Equipe,NumeroJoueur,MinuteBut) values (218,'USMH',21,90);
Insert into Marquer (Rencontre,Equipe,NumeroJoueur,MinuteBut) values (219,'ESS',9,46);
Insert into Marquer (Rencontre,Equipe,NumeroJoueur,MinuteBut) values (220,'JSS',14,8);
Insert into Marquer (Rencontre,Equipe,NumeroJoueur,MinuteBut) values (220,'JSS',15,11);
Insert into Marquer (Rencontre,Equipe,NumeroJoueur,MinuteBut) values (220,'JSS',26,34);
Insert into Marquer (Rencontre,Equipe,NumeroJoueur,MinuteBut) values (220,'ASMO',10,26);
Insert into Marquer (Rencontre,Equipe,NumeroJoueur,MinuteBut) values (221,'MCO',7,32);
Insert into Marquer (Rencontre,Equipe,NumeroJoueur,MinuteBut) values (221,'MCO',40,77);
Insert into Marquer (Rencontre,Equipe,NumeroJoueur,MinuteBut) values (222,'JSK',5,7);
Insert into Marquer (Rencontre,Equipe,NumeroJoueur,MinuteBut) values (222,'JSK',14,26);
Insert into Marquer (Rencontre,Equipe,NumeroJoueur,MinuteBut) values (223,'NAHD',24,81);
Insert into Marquer (Rencontre,Equipe,NumeroJoueur,MinuteBut) values (223,'MCA',18,5);
Insert into Marquer (Rencontre,Equipe,NumeroJoueur,MinuteBut) values (224,'USMA',30,48);
Insert into Marquer (Rencontre,Equipe,NumeroJoueur,MinuteBut) values (224,'USMA',14,75);
Insert into Marquer (Rencontre,Equipe,NumeroJoueur,MinuteBut) values (225,'ASMO',12,7);
Insert into Marquer (Rencontre,Equipe,NumeroJoueur,MinuteBut) values (225,'ASMO',10,38);
Insert into Marquer (Rencontre,Equipe,NumeroJoueur,MinuteBut) values (225,'NAHD',22,90);
Insert into Marquer (Rencontre,Equipe,NumeroJoueur,MinuteBut) values (226,'CRB',13,45);
Insert into Marquer (Rencontre,Equipe,NumeroJoueur,MinuteBut) values (227,'JSK',32,26);
Insert into Marquer (Rencontre,Equipe,NumeroJoueur,MinuteBut) values (227,'USMA',4,6);
Insert into Marquer (Rencontre,Equipe,NumeroJoueur,MinuteBut) values (227,'USMA',10,82);
Insert into Marquer (Rencontre,Equipe,NumeroJoueur,MinuteBut) values (228,'MCA',8,40);
Insert into Marquer (Rencontre,Equipe,NumeroJoueur,MinuteBut) values (228,'MCA',11,63);
Insert into Marquer (Rencontre,Equipe,NumeroJoueur,MinuteBut) values (228,'MCA',21,81);
Insert into Marquer (Rencontre,Equipe,NumeroJoueur,MinuteBut) values (228,'ASOC',19,41);
Insert into Marquer (Rencontre,Equipe,NumeroJoueur,MinuteBut) values (229,'MOB',32,65);
Insert into Marquer (Rencontre,Equipe,NumeroJoueur,MinuteBut) values (229,'JSS',24,42);
Insert into Marquer (Rencontre,Equipe,NumeroJoueur,MinuteBut) values (230,'CSC',2,33);
Insert into Marquer (Rencontre,Equipe,NumeroJoueur,MinuteBut) values (231,'USMH',1,70);
Insert into Marquer (Rencontre,Equipe,NumeroJoueur,MinuteBut) values (231,'USMH',6,88);
Insert into Marquer (Rencontre,Equipe,NumeroJoueur,MinuteBut) values (231,'MCEE',13,11);
Insert into Marquer (Rencontre,Equipe,NumeroJoueur,MinuteBut) values (234,'CRB',6,66);
Insert into Marquer (Rencontre,Equipe,NumeroJoueur,MinuteBut) values (234,'CSC',14,28);
Insert into Marquer (Rencontre,Equipe,NumeroJoueur,MinuteBut) values (234,'CSC',14,55);
Insert into Marquer (Rencontre,Equipe,NumeroJoueur,MinuteBut) values (234,'CSC',13,44);
Insert into Marquer (Rencontre,Equipe,NumeroJoueur,MinuteBut) values (235,'MCEE',13,13);
Insert into Marquer (Rencontre,Equipe,NumeroJoueur,MinuteBut) values (235,'MCEE',13,18);
Insert into Marquer (Rencontre,Equipe,NumeroJoueur,MinuteBut) values (235,'MCA',8,90);
Insert into Marquer (Rencontre,Equipe,NumeroJoueur,MinuteBut) values (236,'JSK',32,29);
Insert into Marquer (Rencontre,Equipe,NumeroJoueur,MinuteBut) values (236,'JSK',33,55);
Insert into Marquer (Rencontre,Equipe,NumeroJoueur,MinuteBut) values (237,'USMA',30,48);
Insert into Marquer (Rencontre,Equipe,NumeroJoueur,MinuteBut) values (237,'ESS',10,15);
Insert into Marquer (Rencontre,Equipe,NumeroJoueur,MinuteBut) values (238,'USMBA',12,51);
Insert into Marquer (Rencontre,Equipe,NumeroJoueur,MinuteBut) values (238,'ASMO',22,55);
Insert into Marquer (Rencontre,Equipe,NumeroJoueur,MinuteBut) values (239,'RCA',26,12);
Insert into Marquer (Rencontre,Equipe,NumeroJoueur,MinuteBut) values (240,'MOB',18,22);
Insert into Marquer (Rencontre,Equipe,NumeroJoueur,MinuteBut) values (240,'MOB',18,32); 