-- MySQL dump 10.13  Distrib 5.6.10, for Win64 (x86_64)
--
-- Host: localhost    Database: mutuelle
-- ------------------------------------------------------
-- Server version	5.6.10

/*!40101 SET @OLD_CHARACTER_SET_CLIENT=@@CHARACTER_SET_CLIENT */;
/*!40101 SET @OLD_CHARACTER_SET_RESULTS=@@CHARACTER_SET_RESULTS */;
/*!40101 SET @OLD_COLLATION_CONNECTION=@@COLLATION_CONNECTION */;
/*!40101 SET NAMES utf8 */;
/*!40103 SET @OLD_TIME_ZONE=@@TIME_ZONE */;
/*!40103 SET TIME_ZONE='+00:00' */;
/*!40014 SET @OLD_UNIQUE_CHECKS=@@UNIQUE_CHECKS, UNIQUE_CHECKS=0 */;
/*!40014 SET @OLD_FOREIGN_KEY_CHECKS=@@FOREIGN_KEY_CHECKS, FOREIGN_KEY_CHECKS=0 */;
/*!40101 SET @OLD_SQL_MODE=@@SQL_MODE, SQL_MODE='NO_AUTO_VALUE_ON_ZERO' */;
/*!40111 SET @OLD_SQL_NOTES=@@SQL_NOTES, SQL_NOTES=0 */;

--
-- Table structure for table `acte`
--

DROP TABLE IF EXISTS `acte`;
/*!40101 SET @saved_cs_client     = @@character_set_client */;
/*!40101 SET character_set_client = utf8 */;
CREATE TABLE `acte` (
  `id_act` varchar(4) NOT NULL,
  `lib_act` varchar(150) DEFAULT NULL,
  PRIMARY KEY (`id_act`)
) ENGINE=InnoDB DEFAULT CHARSET=utf8;
/*!40101 SET character_set_client = @saved_cs_client */;

--
-- Dumping data for table `acte`
--

LOCK TABLES `acte` WRITE;
/*!40000 ALTER TABLE `acte` DISABLE KEYS */;
INSERT INTO `acte` VALUES ('0320','20% TICKETS MODERATEUR'),('1001','CONSULTATION'),('1101','VISITE'),('1102','VISITE DE NUIT'),('1111','MALADIE'),('1201','ACTE EN PC 0.75'),('1202','ACTES EN PC 1'),('1203','ACTES EN PC 1,50'),('1204','ACTES EN SF'),('1301','ACTES EN AMI 0.75'),('1302','ACTES EN AMI 1'),('1303','ACTES EN AMI 1.50'),('1304','ACTES EN AMM'),('1305','ACTES EN SFI 0.75'),('1306','ACTES EN SFI 1'),('1307','ACTES EN SFI 1.50'),('1401','ACTES EN K'),('1402','SALLE OPERATION'),('1503','FRAIS DE DEPLACEMENT'),('1601','ACTES EN D'),('1602','PROTHESES DENTAIRES'),('1701','FRAIS SEJOUR MEDECINE'),('1702','FRAIS SEJOUR CHIRURGIE'),('1703','FRAIS SEJOUR MATERNITE'),('1704','READAPTATION FONCTIONNELLE'),('1705','COUVEUSES'),('1801','PRODUITS PHARMACEUTIQUES'),('1802','ACTES EN B NORMAUX'),('1803','ACTES EN B AVEC AUTOMATISEURS'),('1901','ACTES EN R'),('1902','ACTES EN KR'),('2001','PETIT APPAREILLAGE'),('2002','GRAND APPAREILLAGE'),('2003','FRAIS DE LUNETTERIE'),('2004','CURE THERMALE'),('2006','REEDUCATION FONCTIONNELLE'),('2011','FORFAIT CIRCONCISION'),('4001','INVALIDITE 1ere Categ'),('4002','INVALIDITE 2eme Categ'),('4003','INVALIDITE 3eme Categ'),('5001','CAPITAL DECES'),('5002','FORFAIT FUNERAIRE'),('6001','RENTE AT'),('6002','MAJORATION DE RENTE'),('7001','TP (-)'),('8001','MOINS PERCU(+)');
/*!40000 ALTER TABLE `acte` ENABLE KEYS */;
UNLOCK TABLES;

--
-- Table structure for table `assure`
--

DROP TABLE IF EXISTS `assure`;
/*!40101 SET @saved_cs_client     = @@character_set_client */;
/*!40101 SET character_set_client = utf8 */;
CREATE TABLE `assure` (
  `id_ass` varchar(8) NOT NULL,
  `nom` varchar(35) DEFAULT NULL,
  `prenom` varchar(35) DEFAULT NULL,
  `sexe` enum('MASCULIN','FEMININ') DEFAULT NULL,
  `situation` enum('CELIBATAIRE','MARIE','VEUF','DIVORCE') DEFAULT NULL,
  `age` tinyint(4) DEFAULT NULL,
  PRIMARY KEY (`id_ass`)
) ENGINE=InnoDB DEFAULT CHARSET=utf8;
/*!40101 SET character_set_client = @saved_cs_client */;

--
-- Dumping data for table `assure`
--

LOCK TABLES `assure` WRITE;
/*!40000 ALTER TABLE `assure` DISABLE KEYS */;
INSERT INTO `assure` VALUES ('00160001','ABDOUNE','OMAR','MASCULIN','CELIBATAIRE',51),('00160002','MAGHRAOUIA','SAADIA','FEMININ','CELIBATAIRE',49),('00160003','KHDIJA','RABEA','FEMININ','MARIE',49),('00160004','ABDELWAHED','SALIM','MASCULIN','CELIBATAIRE',49),('00160005','MALIKA KHADEM','RACHIDA','FEMININ','MARIE',49),('00160006','LAHOUCINE','MERZAK','MASCULIN','MARIE',50),('00160007','BELDJILALI','MOHAMED','MASCULIN','MARIE',49),('00160008','MED LAARBI','LEILA DJAMILA','FEMININ','CELIBATAIRE',49),('00160009','ABDENACER','DALILA','FEMININ','CELIBATAIRE',49),('00160010','NASSIMA','MED ABDELOUAHAB','MASCULIN','MARIE',50),('00160011','AKARES','ABDELMOUDJIB','MASCULIN','MARIE',49),('00160012','MAKHOULA','MOURAD','MASCULIN','CELIBATAIRE',49),('00160013','MAATALAH','REDA','MASCULIN','MARIE',49),('00160014','MED. TAHAR','YOUCEF','MASCULIN','DIVORCE',49),('00160015','REDA KAMEL','NORDDINE','MASCULIN','MARIE',49),('00160016','MOHAMED FAYCEL','KARIMA','FEMININ','CELIBATAIRE',49),('00160017','AKARES','KHADIDJA','FEMININ','MARIE',49),('00160018','KARIMA LEILA','NADIA','FEMININ','CELIBATAIRE',49),('00160019','OURIA','MOUNIR','MASCULIN','CELIBATAIRE',49),('00160020','CHAFIKA','SALIMA','FEMININ','MARIE',49),('00160021','MED NAZIM','AMINA','FEMININ','MARIE',57),('00160022','FATMA','AMINE','MASCULIN','CELIBATAIRE',49),('00160023','AMRANE','DOUNIA','FEMININ','CELIBATAIRE',49),('00160024','FANKANA','KAMEL','MASCULIN','CELIBATAIRE',49),('00160025','BAHARI','ATHMANE','MASCULIN','MARIE',49),('00160026','MED.SALAH','ABDERRAHMANE','MASCULIN','MARIE',51),('00160027','BOUAMRA','ALI','MASCULIN','MARIE',49),('00160028','NOUHA','MALIKA','FEMININ','CELIBATAIRE',49),('00160029','KHALIMA','MUSTAPHA','MASCULIN','MARIE',49),('00160030','FAIZA YASMINE','HOURIA','FEMININ','CELIBATAIRE',49),('00160031','ALDJA','RAFIK','MASCULIN','CELIBATAIRE',49),('00160032','BEN BOUAZIZ','BOUALEM','MASCULIN','MARIE',49),('00160033','AHLAM','ABDELLAH','MASCULIN','CELIBATAIRE',49),('00160034','NARIMAN','BENAISSA','MASCULIN','MARIE',49),('00160035','SAIFI','MAKHLOUF','MASCULIN','MARIE',51),('00160036','ZEHIRA','MEHDI','MASCULIN','CELIBATAIRE',57),('00190677','SELOUA','ABDELAZZIZ','MASCULIN','MARIE',49),('010001','ZOULEIKHA','ABDELKADER','MASCULIN','MARIE',50),('010002','MOHAMMED SEDDIK','AHMED','MASCULIN','MARIE',50),('010003','INTISSAR','MOULAY DRIS','MASCULIN','MARIE',49),('010004','MAHOUDJAB','MEBAREK','MASCULIN','MARIE',50),('010005','KHEDDOUDJ','ZOHRA','FEMININ','DIVORCE',49),('010006','T.SAADEDINE','EL BARKA','MASCULIN','MARIE',49),('010007','ZERGUIA','KADDOUR B AHMED','MASCULIN','CELIBATAIRE',49),('010008','MED.TEWFIK','OMAR','MASCULIN','MARIE',49),('010009','RAFIAA','BOUDJEMAA','MASCULIN','MARIE',49),('010010','ALIMA SAIDA','LAHOUARI','MASCULIN','MARIE',49),('010011','TOUHAMI','ZOHRA','FEMININ','CELIBATAIRE',49),('010012','KRIMOU','M\'HAMED','MASCULIN','MARIE',50),('010013','ZOULIKHA','YAMINA','FEMININ','MARIE',49),('010014','SAFA','LAKHDAR','MASCULIN','MARIE',49),('010015','ALLOU','ZOULIKHA','FEMININ','MARIE',49),('010016','WAFIA','ABDELKADER B MD','MASCULIN','CELIBATAIRE',49),('010017','SALIMANE','EL HADJ','MASCULIN','CELIBATAIRE',49),('010018','MEGDOUD','MOHAMED','MASCULIN','MARIE',49),('010019','HACINA','FADILA','FEMININ','MARIE',49),('010020','MED EL HADDILAM','HASSANIA','MASCULIN','CELIBATAIRE',49),('010021','MED HAFED','KARIMA','FEMININ','MARIE',49),('010022','BECHERAIR','FATIMA','FEMININ','CELIBATAIRE',49),('010023','NAGHAM','MOHAMED MILOUD','MASCULIN','MARIE',50),('010024','MAHAND AREZKI','MOHAMED B HOCIN','MASCULIN','MARIE',50),('010025','MOHSEN','FATIMA','FEMININ','CELIBATAIRE',49),('010026','DJAZIA RADHIA','MESSAOUD','MASCULIN','MARIE',49),('010027','ESSMA','BOUDJEMAA','MASCULIN','MARIE',50),('010028','MOUNDER','BOUMEDIENE','MASCULIN','MARIE',49),('010029','EL MOKHTAR','ABDELLAH','MASCULIN','MARIE',49),('010030','MIASSA','SALAH','MASCULIN','CELIBATAIRE',49),('010031','SOFIANE','ABDELLAH','MASCULIN','CELIBATAIRE',49),('010032','CHABHA','ABDELLAH','MASCULIN','MARIE',49),('010033','KHOUKHA','HOUCINE','MASCULIN','CELIBATAIRE',49),('010034','ABDELOUAHAD','ANOUAR BEY','MASCULIN','CELIBATAIRE',49),('010035','NAAS','BENDHIBA','MASCULIN','MARIE',50),('010036','HENNI','KELETOUM','MASCULIN','MARIE',49),('010037','A/RAHMANE','ALI','MASCULIN','MARIE',49),('010038','NEDJMA FERIEL','ELHADJ','MASCULIN','MARIE',49),('010039','ABDELAZZIZ','AZIZI','MASCULIN','MARIE',50),('010040','HASSIBA','ALI','MASCULIN','MARIE',49),('010041','DJEMAA LIES','HOUARI','MASCULIN','MARIE',49),('010042','MED.CHERIF','FATIMA','FEMININ','MARIE',49),('010043','ROSA','FATIHA','MASCULIN','MARIE',49),('010044','SALOUA','ALI','MASCULIN','MARIE',50),('010045','CHEIKH','MOHAMED','MASCULIN','MARIE',49),('010046','HOSNI','MOHAMED','MASCULIN','MARIE',49),('010047','FATOUM','AHMED','MASCULIN','MARIE',49),('010048','MOHAMMED SEDDIK','ABDELLAH','MASCULIN','MARIE',49),('010049','SID  ALI','ABDELHAK','MASCULIN','MARIE',50),('010050','A.KAMEL EDDINE','ABDELKADER','MASCULIN','MARIE',49),('010051','ALDJA','ABDELKADER','MASCULIN','MARIE',49),('010052','MOHAMED ELHAFSI','MED LAMINE','MASCULIN','CELIBATAIRE',49),('010053','REZZAK','AIDA','FEMININ','MARIE',49),('010054','FATIMA ZOHRA','MOHAMED LAMINE','MASCULIN','CELIBATAIRE',5),('010055','AHSENE','DJAMEL','MASCULIN','MARIE',49),('010056','MOHAMED YACINE','KELTOUM','FEMININ','MARIE',49),('010057','FANKANA','SMAINE','MASCULIN','CELIBATAIRE',49),('010058','BEYA','MED AMOKRANE','MASCULIN','CELIBATAIRE',49),('010060','MED LYAMINE','MESSAOUD','MASCULIN','MARIE',49),('010061','RIHAD','FARADJI','MASCULIN','MARIE',49),('010062','MEKIOSSA','ABDELLAH','MASCULIN','MARIE',50),('010063','HASSEN B.EDDINE','ISMAIL','MASCULIN','CELIBATAIRE',49);
/*!40000 ALTER TABLE `assure` ENABLE KEYS */;
UNLOCK TABLES;

--
-- Table structure for table `contrat`
--

DROP TABLE IF EXISTS `contrat`;
/*!40101 SET @saved_cs_client     = @@character_set_client */;
/*!40101 SET character_set_client = utf8 */;
CREATE TABLE `contrat` (
  `id_cnt` varchar(8) NOT NULL,
  `id_ass` varchar(8) DEFAULT NULL,
  `org` varchar(4) DEFAULT NULL,
  `etat` varchar(20) DEFAULT NULL,
  PRIMARY KEY (`id_cnt`),
  KEY `FK_ASS` (`id_ass`),
  CONSTRAINT `FK_ASS` FOREIGN KEY (`id_ass`) REFERENCES `assure` (`id_ass`) ON DELETE CASCADE ON UPDATE CASCADE
) ENGINE=InnoDB DEFAULT CHARSET=utf8;
/*!40101 SET character_set_client = @saved_cs_client */;

--
-- Dumping data for table `contrat`
--

LOCK TABLES `contrat` WRITE;
/*!40000 ALTER TABLE `contrat` DISABLE KEYS */;
INSERT INTO `contrat` VALUES ('00160001','00160001','1621','ACTIF'),('00160002','00160002','1621','BLOQUE'),('00160003','00160003','1621','BLOQUE'),('00160004','00160004','1621','ACTIF'),('00160005','00160005','1621','BLOQUE'),('00160006','00160006','1621','BLOQUE'),('00160007','00160007','1621','BLOQUE'),('00160008','00160008','1621','BLOQUE'),('00160009','00160009','1621','BLOQUE'),('00160010','00160010','1621','BLOQUE'),('00160011','00160011','1621','BLOQUE'),('00160012','00160012','1621','ACTIF'),('00160013','00160013','1621','BLOQUE'),('00160014','00160014','1621','ACTIF'),('00160015','00160015','1621','BLOQUE'),('00160016','00160016','1621','BLOQUE'),('00160017','00160017','1621','ACTIF'),('00160018','00160018','1621','ACTIF'),('00160019','00160019','1621','BLOQUE'),('00160020','00160020','1621','ACTIF'),('00160021','00160021','1621','BLOQUE'),('00160022','00160022','1621','BLOQUE'),('00160023','00160023','1621','ACTIF'),('00160024','00160024','1621','ACTIF'),('00160025','00160025','1621','ACTIF'),('00160026','00160026','1621','ACTIF'),('00160027','00160027','1621','ACTIF'),('00160028','00160028','1621','ACTIF'),('00160029','00160029','1621','ACTIF'),('00160030','00160030','1621','ACTIF'),('00160031','00160031','1621','ACTIF'),('00160032','00160032','1621','ACTIF'),('00160033','00160033','1621','ACTIF'),('00160034','00160034','1621','ACTIF'),('00160035','00160035','1621','BLOQUE'),('00160036','00160036','1621','ACTIF'),('010001','010001','0101','BLOQUE'),('010002','010002','0101','ACTIF'),('010003','010003','0101','ACTIF'),('010004','010004','0101','ACTIF'),('010005','010005','0101','ACTIF'),('010006','010006','0101','ACTIF'),('010007','010007','0101','ACTIF'),('010008','010008','0101','ACTIF'),('010009','010009','0101','ACTIF'),('010010','010010','0101','ACTIF'),('010011','010011','0101','ACTIF'),('010012','010012','0101','ACTIF'),('010013','010013','0101','ACTIF'),('010014','010014','0101','ACTIF'),('010015','010015','0101','ACTIF'),('010016','010016','0101','ACTIF'),('010017','010017','0101','ACTIF'),('010018','010018','0101','ACTIF'),('010019','010019','0101','ACTIF'),('010020','010020','0101','ACTIF'),('010021','010021','0101','ACTIF'),('010022','010022','0101','ACTIF'),('010023','010023','0101','ACTIF'),('010024','010024','0101','ACTIF'),('010025','010025','0101','ACTIF'),('010026','010026','0101','ACTIF'),('010027','010027','0101','ACTIF'),('010028','010028','0101','ACTIF'),('010029','010029','0101','ACTIF'),('010030','010030','0101','ACTIF'),('010031','010031','0101','ACTIF'),('010032','010032','0101','ACTIF'),('010033','010033','0101','ACTIF'),('010034','010034','0101','ACTIF'),('010035','010035','0101','ACTIF'),('010036','010036','0101','ACTIF'),('010037','010037','0101','ACTIF'),('010038','010038','0101','ACTIF'),('010039','010039','0101','ACTIF'),('010040','010040','0101','ACTIF'),('010041','010041','0101','ACTIF'),('010042','010042','0101','ACTIF'),('010043','010043','0101','ACTIF'),('010044','010044','0101','ACTIF'),('010045','010045','0101','ACTIF'),('010046','010046','0101','ACTIF'),('010047','010047','0101','ACTIF'),('010048','010048','0101','ACTIF'),('010049','010049','0101','ACTIF'),('010050','010050','0101','ACTIF'),('010051','010051','0101','ACTIF'),('010052','010052','0101','ACTIF'),('010053','010053','0101','ACTIF'),('010054','010054','0101','ACTIF'),('010055','010055','0101','ACTIF'),('010056','010056','0101','ACTIF'),('010057','010057','0101','ACTIF'),('010058','010058','0101','ACTIF'),('010060','010060','0101','ACTIF'),('010061','010061','0101','ACTIF'),('010062','010062','0101','ACTIF'),('010063','010063','0101','ACTIF');
/*!40000 ALTER TABLE `contrat` ENABLE KEYS */;
UNLOCK TABLES;

--
-- Table structure for table `decompte_act`
--

DROP TABLE IF EXISTS `decompte_act`;
/*!40101 SET @saved_cs_client     = @@character_set_client */;
/*!40101 SET character_set_client = utf8 */;
CREATE TABLE `decompte_act` (
  `id_dac` varchar(14) NOT NULL,
  `id_cnt` varchar(8) DEFAULT NULL,
  `date_dac` date DEFAULT NULL,
  `mt_dac` decimal(18,2) DEFAULT NULL,
  PRIMARY KEY (`id_dac`),
  KEY `FK_ACNT` (`id_cnt`),
  CONSTRAINT `FK_ACNT` FOREIGN KEY (`id_cnt`) REFERENCES `contrat` (`id_cnt`) ON DELETE CASCADE ON UPDATE CASCADE
) ENGINE=InnoDB DEFAULT CHARSET=utf8;
/*!40101 SET character_set_client = @saved_cs_client */;

--
-- Dumping data for table `decompte_act`
--

LOCK TABLES `decompte_act` WRITE;
/*!40000 ALTER TABLE `decompte_act` DISABLE KEYS */;
INSERT INTO `decompte_act` VALUES ('0802001','010001','2008-02-24',430.00),('0807001','00160001','2008-07-07',0.00),('20030719010001','010001','2003-10-01',86.87),('20030804010001','010001','2004-01-01',115.80),('20030807010001','010001','2004-01-01',245.77),('20030910010045','010045','2003-10-01',1976.80),('20030913010045','010045','2003-12-01',294.68),('20030922010001','010001','2003-10-01',59.16),('20031015010045','010045','2003-12-01',126.59),('20031020010045','010045','2003-12-01',30.04),('20031116010006','010006','2003-12-01',64.81),('20031118010003','010003','2004-10-03',122.23),('20031201010006','010006','2003-12-01',65.36),('20031220010008','010008','2003-12-01',138.60),('20031229010039','010039','2003-12-01',92.64),('20040105010001','010001','2004-01-01',23.27),('20040105010003','010003','2004-10-03',183.57),('20040115010008','010008','2004-01-01',199.44),('20040307010040','010040','2004-12-02',144.61),('20040316010003','010003','2004-10-03',176.47),('20040323010003','010003','2004-10-03',220.00),('20040429010040','010040','2004-12-02',99.50),('20040524010030','010030','2004-09-01',102.60),('20040601010008','010008','2004-06-01',265.29),('20040607010039','010039','2004-06-01',479.20),('20040615010014','010014','2004-09-01',114.01),('20040616010003','010003','2004-11-02',44.49),('20040624010040','010040','2004-12-02',54.28),('20040731010001','010001','2004-11-02',208.41),('20040803010001','010001','2004-11-02',60.57),('20040809010001','010001','2004-11-02',164.71),('20040822010001','010001','2004-11-02',452.70),('20040901010037','010037','2004-09-01',61.59),('20040901010038','010038','2004-09-01',149.72),('20040901010042','010042','2004-09-01',164.65),('20040904010043','010043','2004-09-01',460.22),('20040905010042','010042','2004-11-02',232.77),('20040906010007','010007','2004-10-02',358.33),('20040910010043','010043','2004-09-01',58.21),('20040912010002','010002','2004-11-02',175.84),('20040914010007','010007','2004-10-02',47.04),('20040915010014','010014','2004-09-01',102.32),('20040918010007','010007','2004-11-01',144.50),('20040918010010','010010','2004-09-01',82.24),('20040925010019','010019','2004-10-03',220.27),('20040928010007','010007','2004-11-01',53.00),('20040929010007','010007','2004-10-02',211.13),('20040929010028','010028','2004-10-03',76.61),('20041003010012','010012','2004-10-03',69.43),('20041003010044','010044','2004-10-03',54.11),('20041004010010','010010','2004-10-03',37.18),('20041006010028','010028','2004-10-03',261.06),('20041008010011','010011','2004-10-02',105.85),('20041009010019','010019','2004-10-03',2341.20),('20041010010028','010028','2004-10-03',37.01),('20041010010029','010029','2004-11-02',170.73),('20041010010048','010048','2004-12-02',60.86),('20041013010019','010019','2004-11-02',76.39),('20041014010043','010043','2004-10-03',313.63),('20041016010019','010019','2004-12-02',20.00),('20041019010009','010009','2004-11-02',62.00),('20041019010010','010010','2004-10-03',91.36),('20041023010037','010037','2004-10-03',67.63),('20041024010012','010012','2004-10-03',164.65),('20041025010010','010010','2004-10-03',57.74),('20041025010012','010012','2004-10-03',81.56),('20041026010019','010019','2004-11-02',142.22),('20041026010043','010043','2004-11-02',151.00),('20041027010002','010002','2004-11-02',111.93),('20041027010019','010019','2004-12-02',613.54),('20041028010043','010043','2004-11-02',358.44),('20041102010007','010007','2004-11-01',233.46),('20041103010011','010011','2004-11-01',114.56),('20041109010010','010010','2004-11-02',183.30),('20041110010017','010017','2004-11-02',139.67),('20041111010010','010010','2004-12-02',97.89),('20041111010016','010016','2004-12-02',267.26),('20041111010028','010028','2004-11-02',145.01),('20041116010028','010028','2004-12-02',111.43),('20041116010032','010032','2004-11-02',45.10),('20041118010028','010028','2004-12-02',77.94),('20041120010006','010006','2004-12-02',137.86),('20041120010043','010043','2004-11-02',762.53),('20041121010008','010008','2004-11-01',144.25),('20041123010012','010012','2004-11-02',84.79),('20041125010019','010019','2004-12-02',135.54),('20041128010008','010008','2004-11-01',124.22),('20041130010008','010008','2004-12-02',234.19),('20041130010019','010019','2004-12-02',228.21),('20041130010021','010021','2004-12-02',168.54),('20041202010008','010008','2004-12-02',51.01),('20041202010042','010042','2004-12-02',132.76),('20041208010019','010019','2004-12-02',188.10),('20041208010037','010037','2004-12-02',95.94),('20041210010008','010008','2004-12-02',109.88),('20041212010002','010002','2004-12-02',3193.00),('20041212010010','010010','2004-12-02',52.20),('20041219010019','010019','2004-12-02',55.08),('20041221010007','010007','2004-12-02',85.90),('20041221010008','010008','2004-12-02',133.47),('20041221010044','010044','2004-12-02',130.33),('20041224010010','010010','2004-12-02',270.35),('20050114010039','010039','2005-10-01',157.11),('20050327010008','010008','2005-04-01',132.64),('20050330010007','010007','2005-04-01',775.80),('20050404010001','010001','2005-06-01',254.15),('20050419010007','010007','2005-05-01',144.70),('20050420010006','010006','2005-05-01',62.86),('20050424010006','010006','2005-05-01',118.42),('20050806010006','010006','2005-11-01',173.73),('20050824010007','010007','2005-10-01',165.78),('20050905010048','010048','2005-11-01',70.00),('20050925010048','010048','2005-12-01',38.96),('20051003010049','010049','2005-10-01',405.03),('20051005010039','010039','2005-10-01',93.56),('20051013010049','010049','2005-10-01',130.14),('20051020010050','010050','2005-12-01',116.60),('20051022010008','010008','2005-12-01',103.20),('20051024010008','010008','2005-12-01',840.00),('20051031010050','010050','2005-11-01',338.79),('20051105010045','010045','2005-11-01',583.44),('20051108010050','010050','2005-12-01',210.48),('20051110010008','010008','2005-11-01',64.83),('20051113010049','010049','2005-11-01',242.36),('20051115010050','010050','2005-12-01',109.24),('20051121010049','010049','2005-11-01',380.00),('20051201010011','010011','2005-12-01',166.55),('20051205010007','010007','2005-12-01',95.00),('20051210010011','010011','2005-12-01',234.45),('20051214010048','010048','2005-12-01',307.84),('20051226010007','010007','2005-05-01',43.19);
/*!40000 ALTER TABLE `decompte_act` ENABLE KEYS */;
UNLOCK TABLES;

--
-- Table structure for table `decompte_prm`
--

DROP TABLE IF EXISTS `decompte_prm`;
/*!40101 SET @saved_cs_client     = @@character_set_client */;
/*!40101 SET character_set_client = utf8 */;
CREATE TABLE `decompte_prm` (
  `id_dpr` varchar(20) NOT NULL,
  `id_cnt` varchar(8) DEFAULT NULL,
  `date_dpr` date DEFAULT NULL,
  `mt_dpr` decimal(18,2) DEFAULT NULL,
  PRIMARY KEY (`id_dpr`),
  KEY `FK_PCNT` (`id_cnt`),
  CONSTRAINT `FK_PCNT` FOREIGN KEY (`id_cnt`) REFERENCES `contrat` (`id_cnt`) ON DELETE CASCADE ON UPDATE CASCADE
) ENGINE=InnoDB DEFAULT CHARSET=utf8;
/*!40101 SET character_set_client = @saved_cs_client */;

--
-- Dumping data for table `decompte_prm`
--

LOCK TABLES `decompte_prm` WRITE;
/*!40000 ALTER TABLE `decompte_prm` DISABLE KEYS */;
INSERT INTO `decompte_prm` VALUES ('00160002730832','00160002','2002-03-12',10000.00),('00160002731111','00160002','2002-12-21',600.00),('00160002731292','00160002','2003-06-17',945.60),('00160002731408','00160002','2003-10-13',12000.00),('00160003731292','00160003','2003-06-17',1817.00),('00160003731336','00160003','2003-07-31',49.30),('00160004731292','00160004','2003-06-17',1793.78),('00160005731215','00160005','2003-03-30',27.30),('00160005731691','00160005','2004-07-21',771.84),('00160007731691','00160007','2004-07-21',757.60),('00160007732438','00160007','2006-08-08',10000.00),('00160007732684','00160007','2007-04-09',660.00),('0016000773275401','00160007','2007-06-19',1000.00),('00160008731872','00160008','2005-01-17',680.00),('0016001073184601','00160010','2004-12-26',1000.00),('0016001573203201','00160015','2005-06-27',1000.00),('0016001573203202','00160015','2005-06-27',1000.00),('00160015732657','00160015','2007-03-12',1000.00),('0016001573279903','00160015','2007-08-04',1000.00),('00160020732580','00160020','2006-12-30',2000.00),('00160021732783','00160021','2007-07-18',10000.00),('0016002573275501','00160025','2007-06-20',1000.00),('0016002573275502','00160025','2007-06-20',1000.00),('00160034732813','00160034','2007-08-18',1000.00),('00160035732766','00160035','2007-07-01',8000.00),('01000873239401','010008','2006-06-24',1000.00),('01001073254003','010010','2006-11-20',2000.00),('01001073272602','010010','2007-05-21',1000.00),('01001073284002','010010','2007-09-15',1000.00),('01003273264003','010032','2007-02-25',1000.00),('01003273264004','010032','2007-02-25',1000.00),('01003273264005','010032','2007-02-25',1000.00),('0802036','010002','2008-01-01',0.00),('0802037','010002','2008-01-01',11000.00);
/*!40000 ALTER TABLE `decompte_prm` ENABLE KEYS */;
UNLOCK TABLES;

--
-- Table structure for table `ligne_act`
--

DROP TABLE IF EXISTS `ligne_act`;
/*!40101 SET @saved_cs_client     = @@character_set_client */;
/*!40101 SET character_set_client = utf8 */;
CREATE TABLE `ligne_act` (
  `id_act` varchar(4) NOT NULL DEFAULT '',
  `id_dac` varchar(14) NOT NULL DEFAULT '',
  `mt_lac` decimal(18,2) DEFAULT NULL,
  PRIMARY KEY (`id_dac`,`id_act`),
  KEY `FK_LAC` (`id_act`),
  CONSTRAINT `FK_LA` FOREIGN KEY (`id_dac`) REFERENCES `decompte_act` (`id_dac`) ON DELETE CASCADE ON UPDATE CASCADE,
  CONSTRAINT `FK_LAC` FOREIGN KEY (`id_act`) REFERENCES `acte` (`id_act`) ON DELETE CASCADE ON UPDATE CASCADE
) ENGINE=InnoDB DEFAULT CHARSET=utf8;
/*!40101 SET character_set_client = @saved_cs_client */;

--
-- Dumping data for table `ligne_act`
--

LOCK TABLES `ligne_act` WRITE;
/*!40000 ALTER TABLE `ligne_act` DISABLE KEYS */;
INSERT INTO `ligne_act` VALUES ('0320','0802001',200.00),('1001','0802001',230.00),('1001','20030719010001',10.00),('1801','20030719010001',76.87),('1801','20030804010001',115.80),('1001','20030807010001',10.00),('1801','20030807010001',235.77),('1801','20030910010045',1976.80),('1401','20030913010045',33.00),('1801','20030913010045',161.68),('1901','20030913010045',100.00),('1801','20030922010001',59.16),('1801','20031015010045',126.59),('1801','20031020010045',30.04),('1801','20031116010006',64.81),('1801','20031118010003',122.23),('1801','20031201010006',65.36),('1801','20031220010008',138.60),('1801','20031229010039',92.64),('1801','20040105010001',23.27),('1801','20040105010003',183.57),('1001','20040115010008',10.00),('1801','20040115010008',189.44),('1801','20040307010040',144.61),('1001','20040316010003',40.00),('1801','20040316010003',136.47),('1503','20040323010003',220.00),('1001','20040429010040',10.00),('1801','20040429010040',89.50),('1801','20040524010030',102.60),('1801','20040601010008',265.29),('1801','20040607010039',479.20),('1801','20040615010014',114.01),('1801','20040616010003',44.49),('1801','20040624010040',54.28),('1001','20040731010001',10.00),('1801','20040731010001',198.41),('1001','20040803010001',10.00),('1801','20040803010001',50.57),('1001','20040809010001',20.00),('1801','20040809010001',144.71),('1001','20040822010001',10.00),('1801','20040822010001',442.70),('1801','20040901010037',61.59),('1801','20040901010038',149.72),('1801','20040901010042',164.65),('1001','20040904010043',20.00),('1801','20040904010043',440.22),('1801','20040905010042',232.77),('1801','20040906010007',358.33),('1801','20040910010043',58.21),('1001','20040912010002',10.00),('1801','20040912010002',165.84),('1801','20040914010007',47.04),('1801','20040915010014',102.32),('1001','20040918010007',20.00),('1801','20040918010007',124.50),('1801','20040918010010',82.24),('1001','20040925010019',20.00),('1801','20040925010019',112.77),('1901','20040925010019',87.50),('1001','20040928010007',20.00),('1801','20040928010007',33.00),('1801','20040929010007',211.13),('1801','20040929010028',76.61),('1801','20041003010012',69.43),('1801','20041003010044',54.11),('1801','20041004010010',37.18),('1001','20041006010028',82.16),('1801','20041006010028',178.90),('1001','20041008010011',10.00),('1801','20041008010011',95.85),('1503','20041009010019',1300.00),('1801','20041009010019',1041.20),('1801','20041010010028',37.01),('1801','20041010010029',170.73),('1001','20041010010048',10.00),('1801','20041010010048',50.86),('1001','20041013010019',20.00),('1801','20041013010019',56.39),('1801','20041014010043',313.63),('1001','20041016010019',20.00),('1801','20041019010009',62.00),('1801','20041019010010',91.36),('1801','20041023010037',67.63),('1001','20041024010012',20.00),('1801','20041024010012',144.65),('1801','20041025010010',57.74),('1801','20041025010012',81.56),('1801','20041026010019',142.22),('1001','20041026010043',20.00),('1801','20041026010043',131.00),('1801','20041027010002',111.93),('1801','20041027010019',613.54),('1801','20041028010043',358.44),('1801','20041102010007',233.46),('1801','20041103010011',114.56),('1001','20041109010010',20.00),('1801','20041109010010',163.30),('1801','20041110010017',139.67),('1801','20041111010010',97.89),('1001','20041111010016',10.00),('1801','20041111010016',257.26),('1801','20041111010028',145.01),('1801','20041116010028',111.43),('1801','20041116010032',45.10),('1801','20041118010028',77.94),('1801','20041120010006',137.86),('1001','20041120010043',33.00),('1801','20041120010043',729.53),('1801','20041121010008',144.25),('1801','20041123010012',84.79),('1801','20041125010019',135.54),('1801','20041128010008',124.22),('1801','20041130010008',234.19),('1001','20041130010019',20.00),('1801','20041130010019',208.21),('1801','20041130010021',168.54),('1801','20041202010008',51.01),('1801','20041202010042',132.76),('1001','20041208010019',10.00),('1801','20041208010019',178.10),('1801','20041208010037',95.94),('1801','20041210010008',109.88),('1503','20041212010002',3153.00),('1802','20041212010002',40.00),('1001','20041212010010',10.00),('1801','20041212010010',42.20),('1801','20041219010019',55.08),('1801','20041221010007',85.90),('1801','20041221010008',133.47),('1801','20041221010044',130.33),('1801','20041224010010',270.35),('1801','20050114010039',157.11),('1001','20050327010008',10.00),('1801','20050327010008',122.64),('1001','20050330010007',20.00),('1801','20050330010007',755.80),('1001','20050404010001',20.00),('1801','20050404010001',234.15),('1001','20050419010007',20.00),('1801','20050419010007',124.70),('1801','20050420010006',62.86),('1001','20050424010006',10.00),('1801','20050424010006',108.42),('1001','20050806010006',10.00),('1801','20050806010006',163.73),('1801','20050824010007',165.78),('1801','20050905010048',58.00),('2003','20050905010048',12.00),('1801','20050925010048',38.96),('1801','20051003010049',405.03),('1801','20051005010039',93.56),('1001','20051013010049',10.00),('1801','20051013010049',120.14),('1001','20051020010050',10.00),('1801','20051020010050',106.60),('1801','20051022010008',103.20),('1503','20051024010008',200.00),('1801','20051024010008',640.00),('1001','20051031010050',10.00),('1401','20051031010050',44.00),('1801','20051031010050',284.79),('1801','20051105010045',583.44),('1001','20051108010050',10.00),('1801','20051108010050',200.48),('1801','20051110010008',64.83),('1001','20051113010049',20.00),('1801','20051113010049',222.36),('1001','20051115010050',10.00),('1801','20051115010050',99.24),('1801','20051121010049',380.00),('1001','20051201010011',10.00),('1801','20051201010011',156.55),('1801','20051205010007',95.00),('1001','20051210010011',10.00),('1801','20051210010011',224.45),('1801','20051214010048',307.84),('1801','20051226010007',43.19);
/*!40000 ALTER TABLE `ligne_act` ENABLE KEYS */;
UNLOCK TABLES;

--
-- Table structure for table `ligne_prm`
--

DROP TABLE IF EXISTS `ligne_prm`;
/*!40101 SET @saved_cs_client     = @@character_set_client */;
/*!40101 SET character_set_client = utf8 */;
CREATE TABLE `ligne_prm` (
  `id_dpr` varchar(20) NOT NULL DEFAULT '',
  `id_prm` varchar(4) NOT NULL DEFAULT '',
  `mt_lpr` decimal(18,2) DEFAULT NULL,
  `rang` int(11) DEFAULT NULL,
  PRIMARY KEY (`id_dpr`,`id_prm`),
  KEY `FK_LPP` (`id_prm`),
  CONSTRAINT `FK_LP` FOREIGN KEY (`id_dpr`) REFERENCES `decompte_prm` (`id_dpr`) ON DELETE CASCADE ON UPDATE CASCADE,
  CONSTRAINT `FK_LPP` FOREIGN KEY (`id_prm`) REFERENCES `prime` (`id_prm`) ON DELETE CASCADE ON UPDATE CASCADE
) ENGINE=InnoDB DEFAULT CHARSET=utf8;
/*!40101 SET character_set_client = @saved_cs_client */;

--
-- Dumping data for table `ligne_prm`
--

LOCK TABLES `ligne_prm` WRITE;
/*!40000 ALTER TABLE `ligne_prm` DISABLE KEYS */;
INSERT INTO `ligne_prm` VALUES ('00160002730832','01',10000.00,0),('00160002731111','05',600.00,24487),('00160002731292','09',945.60,25797),('00160002731408','06',12000.00,24810),('00160003731292','09',1817.00,25798),('00160003731336','09',49.30,25799),('00160004731292','09',1793.78,25800),('00160005731215','09',27.30,25801),('00160005731691','04',771.84,16377),('00160007731691','04',757.60,16378),('00160007732438','01',10000.00,1),('00160007732684','04',660.00,16379),('0016000773275401','02',1000.00,2810),('00160008731872','04',680.00,16380),('0016001073184601','03',1000.00,11664),('0016001573203201','03',1000.00,11665),('0016001573203202','03',1000.00,11666),('00160015732657','04',1000.00,16381),('0016001573279903','02',1000.00,2811),('00160020732580','04',2000.00,16382),('00160021732783','01',10000.00,2),('0016002573275501','02',1000.00,2812),('0016002573275502','02',1000.00,2813),('00160034732813','08',1000.00,25574),('00160035732766','09',8000.00,25802),('01000873239401','02',1000.00,2814),('01001073254003','02',1000.00,2815),('01001073254003','03',1000.00,11667),('01001073272602','03',1000.00,11668),('01001073284002','03',1000.00,11669),('01003273264003','03',1000.00,11670),('01003273264004','02',1000.00,2816),('01003273264005','02',1000.00,2817),('0802037','01',10000.00,1),('0802037','02',1000.00,2);
/*!40000 ALTER TABLE `ligne_prm` ENABLE KEYS */;
UNLOCK TABLES;

--
-- Table structure for table `prime`
--

DROP TABLE IF EXISTS `prime`;
/*!40101 SET @saved_cs_client     = @@character_set_client */;
/*!40101 SET character_set_client = utf8 */;
CREATE TABLE `prime` (
  `id_prm` varchar(2) NOT NULL DEFAULT '',
  `lib_prm` varchar(150) DEFAULT NULL,
  PRIMARY KEY (`id_prm`)
) ENGINE=InnoDB DEFAULT CHARSET=utf8;
/*!40101 SET character_set_client = @saved_cs_client */;

--
-- Dumping data for table `prime`
--

LOCK TABLES `prime` WRITE;
/*!40000 ALTER TABLE `prime` DISABLE KEYS */;
INSERT INTO `prime` VALUES ('01','MARIAGE'),('02','NAISSANCE'),('03','CIRCONCISION'),('04','LUNETTERIE'),('05','PTHESE DENTAIRE'),('06','DECES ADHERENT'),('07','DECES AYANT DROIT'),('08','PATHOLOGIE ORTHOPEDIQUE'),('09','TICKETS MODERATEUR 20%'),('10','DIVERS'),('11','RADIOLOGIE');
/*!40000 ALTER TABLE `prime` ENABLE KEYS */;
UNLOCK TABLES;
/*!40103 SET TIME_ZONE=@OLD_TIME_ZONE */;

/*!40101 SET SQL_MODE=@OLD_SQL_MODE */;
/*!40014 SET FOREIGN_KEY_CHECKS=@OLD_FOREIGN_KEY_CHECKS */;
/*!40014 SET UNIQUE_CHECKS=@OLD_UNIQUE_CHECKS */;
/*!40101 SET CHARACTER_SET_CLIENT=@OLD_CHARACTER_SET_CLIENT */;
/*!40101 SET CHARACTER_SET_RESULTS=@OLD_CHARACTER_SET_RESULTS */;
/*!40101 SET COLLATION_CONNECTION=@OLD_COLLATION_CONNECTION */;
/*!40111 SET SQL_NOTES=@OLD_SQL_NOTES */;

-- Dump completed on 2013-05-19  0:57:04
